start,end,cost
ChIJDfnLZ1lSUkYRchF_if80LfE,ChIJDfnLZ1lSUkYRchF_if80LfE,0
ChIJDfnLZ1lSUkYRchF_if80LfE,ChIJsRh_oFlSUkYRkBBHQUeoKcI,2.3001564499974693e-06
ChIJDfnLZ1lSUkYRchF_if80LfE,ChIJ9cuitllSUkYRd6ZoiDSinIM,4.2567435399779935e-06
ChIJDfnLZ1lSUkYRchF_if80LfE,ChIJk2Y2M1hSUkYR8cXNNRfosIY,4.938950039974193e-06
ChIJDfnLZ1lSUkYRchF_if80LfE,ChIJCy4tOFhSUkYRBiS5iJUrGnY,7.169772509992205e-06
ChIJDfnLZ1lSUkYRchF_if80LfE,ChIJj1RhMlhSUkYRxwx00g4P0QE,5.832883079986021e-06
ChIJDfnLZ1lSUkYRchF_if80LfE,ChIJuYkcKlhSUkYRFPCipW5rTvU,5.998877079987046e-06
ChIJDfnLZ1lSUkYRchF_if80LfE,ChIJP6TdhFdSUkYRdrsWKXZMAs8,6.5556462199829915e-06
ChIJDfnLZ1lSUkYRchF_if80LfE,ChIJf9Y9sFdSUkYRmaDEJhCweGc,8.705329709992932e-06
ChIJDfnLZ1lSUkYRchF_if80LfE,ChIJozaGTFZSUkYRNtWl2AGUPkI,9.380317719999275e-06
ChIJDfnLZ1lSUkYRchF_if80LfE,ChIJozaGTFZSUkYRjY7TpiWcsro,inf
ChIJDfnLZ1lSUkYRchF_if80LfE,ChIJr8hSvVdSUkYR9El_JWHKncY,inf
ChIJDfnLZ1lSUkYRchF_if80LfE,ChIJuYkcKlhSUkYRkyJyE8H3_fI,inf
ChIJDfnLZ1lSUkYRchF_if80LfE,ChIJV02yLVhSUkYR5Urrpdyav5w,inf
ChIJDfnLZ1lSUkYRchF_if80LfE,ChIJI3hCtFlSUkYRPnfwEKyXdTk,inf
ChIJDfnLZ1lSUkYRchF_if80LfE,ChIJOW51C1lSUkYRRv6n34W9-Zg,inf
ChIJDfnLZ1lSUkYRchF_if80LfE,ChIJj5kfbFlSUkYRcDRZTsny7_c,inf
ChIJDfnLZ1lSUkYRchF_if80LfE,ChIJpyBCaFlSUkYR3LHwM6zxRjU,inf
ChIJDfnLZ1lSUkYRchF_if80LfE,ChIJL3cdF1dSUkYRrSCPkRNdtPE,inf
ChIJDfnLZ1lSUkYRchF_if80LfE,ChIJgXdTbFdSUkYR33h2wlG_Zwk,inf
ChIJDfnLZ1lSUkYRchF_if80LfE,ChIJ64wzbldSUkYR5FeQ9EKDTkU,inf
ChIJDfnLZ1lSUkYRchF_if80LfE,ChIJ7feGfFdSUkYRmmsyva5Yh7g,inf
ChIJDfnLZ1lSUkYRchF_if80LfE,ChIJRwYQ1llSUkYRMKaZjz2gpdg,inf
ChIJDfnLZ1lSUkYRchF_if80LfE,ChIJmQYH01lSUkYRA5sfbpFn4ag,inf
ChIJDfnLZ1lSUkYRchF_if80LfE,ChIJaU2CalhSUkYR16Poj9gzgIw,8.12984323999244e-06
ChIJDfnLZ1lSUkYRchF_if80LfE,ChIJt2H3cFhSUkYRAkkFfX87Bq8,1.0202806289986984e-05
ChIJDfnLZ1lSUkYRchF_if80LfE,ChIJRZDreVhSUkYRo3ujslhgkNQ,inf
ChIJDfnLZ1lSUkYRchF_if80LfE,ChIJuRTCa1hSUkYRZctNq7Wpmys,inf
ChIJDfnLZ1lSUkYRchF_if80LfE,ChIJCy4tOFhSUkYR0RImuvsSO1g,inf
ChIJDfnLZ1lSUkYRchF_if80LfE,ChIJtYl80VlSUkYRHsPJ77_LXm8,5.377482619979417e-06
ChIJDfnLZ1lSUkYRchF_if80LfE,ChIJwTS011lSUkYROOaIBw6_t6k,5.6009194999809714e-06
ChIJDfnLZ1lSUkYRchF_if80LfE,ChIJ7-bcfFdSUkYRAi_D5VAiANk,5.805571759976712e-06
ChIJDfnLZ1lSUkYRchF_if80LfE,ChIJb-LjZFdSUkYR0IQcqxmpIDY,5.967357609980776e-06
ChIJDfnLZ1lSUkYRchF_if80LfE,ChIJBWUZb1dSUkYR0KDo40YbcFQ,6.18075010997778e-06
ChIJsRh_oFlSUkYRkBBHQUeoKcI,ChIJDfnLZ1lSUkYRchF_if80LfE,inf
ChIJsRh_oFlSUkYRkBBHQUeoKcI,ChIJsRh_oFlSUkYRkBBHQUeoKcI,0
ChIJsRh_oFlSUkYRkBBHQUeoKcI,ChIJ9cuitllSUkYRd6ZoiDSinIM,1.9565870899805246e-06
ChIJsRh_oFlSUkYRkBBHQUeoKcI,ChIJk2Y2M1hSUkYR8cXNNRfosIY,2.638793589976724e-06
ChIJsRh_oFlSUkYRkBBHQUeoKcI,ChIJCy4tOFhSUkYRBiS5iJUrGnY,4.869616059994736e-06
ChIJsRh_oFlSUkYRkBBHQUeoKcI,ChIJj1RhMlhSUkYRxwx00g4P0QE,3.532726629988552e-06
ChIJsRh_oFlSUkYRkBBHQUeoKcI,ChIJuYkcKlhSUkYRFPCipW5rTvU,3.6987206299895768e-06
ChIJsRh_oFlSUkYRkBBHQUeoKcI,ChIJP6TdhFdSUkYRdrsWKXZMAs8,4.255489769985523e-06
ChIJsRh_oFlSUkYRkBBHQUeoKcI,ChIJf9Y9sFdSUkYRmaDEJhCweGc,6.4051732599954625e-06
ChIJsRh_oFlSUkYRkBBHQUeoKcI,ChIJozaGTFZSUkYRNtWl2AGUPkI,7.080161270001805e-06
ChIJsRh_oFlSUkYRkBBHQUeoKcI,ChIJozaGTFZSUkYRjY7TpiWcsro,inf
ChIJsRh_oFlSUkYRkBBHQUeoKcI,ChIJr8hSvVdSUkYR9El_JWHKncY,inf
ChIJsRh_oFlSUkYRkBBHQUeoKcI,ChIJuYkcKlhSUkYRkyJyE8H3_fI,inf
ChIJsRh_oFlSUkYRkBBHQUeoKcI,ChIJV02yLVhSUkYR5Urrpdyav5w,inf
ChIJsRh_oFlSUkYRkBBHQUeoKcI,ChIJI3hCtFlSUkYRPnfwEKyXdTk,inf
ChIJsRh_oFlSUkYRkBBHQUeoKcI,ChIJOW51C1lSUkYRRv6n34W9-Zg,inf
ChIJsRh_oFlSUkYRkBBHQUeoKcI,ChIJj5kfbFlSUkYRcDRZTsny7_c,inf
ChIJsRh_oFlSUkYRkBBHQUeoKcI,ChIJpyBCaFlSUkYR3LHwM6zxRjU,inf
ChIJsRh_oFlSUkYRkBBHQUeoKcI,ChIJL3cdF1dSUkYRrSCPkRNdtPE,inf
ChIJsRh_oFlSUkYRkBBHQUeoKcI,ChIJgXdTbFdSUkYR33h2wlG_Zwk,inf
ChIJsRh_oFlSUkYRkBBHQUeoKcI,ChIJ64wzbldSUkYR5FeQ9EKDTkU,inf
ChIJsRh_oFlSUkYRkBBHQUeoKcI,ChIJ7feGfFdSUkYRmmsyva5Yh7g,inf
ChIJsRh_oFlSUkYRkBBHQUeoKcI,ChIJRwYQ1llSUkYRMKaZjz2gpdg,inf
ChIJsRh_oFlSUkYRkBBHQUeoKcI,ChIJmQYH01lSUkYRA5sfbpFn4ag,inf
ChIJsRh_oFlSUkYRkBBHQUeoKcI,ChIJaU2CalhSUkYR16Poj9gzgIw,5.829686789994971e-06
ChIJsRh_oFlSUkYRkBBHQUeoKcI,ChIJt2H3cFhSUkYRAkkFfX87Bq8,7.902649839989516e-06
ChIJsRh_oFlSUkYRkBBHQUeoKcI,ChIJRZDreVhSUkYRo3ujslhgkNQ,inf
ChIJsRh_oFlSUkYRkBBHQUeoKcI,ChIJuRTCa1hSUkYRZctNq7Wpmys,inf
ChIJsRh_oFlSUkYRkBBHQUeoKcI,ChIJCy4tOFhSUkYR0RImuvsSO1g,inf
ChIJsRh_oFlSUkYRkBBHQUeoKcI,ChIJtYl80VlSUkYRHsPJ77_LXm8,3.0773261699819476e-06
ChIJsRh_oFlSUkYRkBBHQUeoKcI,ChIJwTS011lSUkYROOaIBw6_t6k,3.300763049983502e-06
ChIJsRh_oFlSUkYRkBBHQUeoKcI,ChIJ7-bcfFdSUkYRAi_D5VAiANk,3.5054153099792424e-06
ChIJsRh_oFlSUkYRkBBHQUeoKcI,ChIJb-LjZFdSUkYR0IQcqxmpIDY,3.667201159983306e-06
ChIJsRh_oFlSUkYRkBBHQUeoKcI,ChIJBWUZb1dSUkYR0KDo40YbcFQ,3.88059365998031e-06
ChIJ9cuitllSUkYRd6ZoiDSinIM,ChIJDfnLZ1lSUkYRchF_if80LfE,inf
ChIJ9cuitllSUkYRd6ZoiDSinIM,ChIJsRh_oFlSUkYRkBBHQUeoKcI,inf
ChIJ9cuitllSUkYRd6ZoiDSinIM,ChIJ9cuitllSUkYRd6ZoiDSinIM,0
ChIJ9cuitllSUkYRd6ZoiDSinIM,ChIJk2Y2M1hSUkYR8cXNNRfosIY,6.822064999961993e-07
ChIJ9cuitllSUkYRd6ZoiDSinIM,ChIJCy4tOFhSUkYRBiS5iJUrGnY,2.9130289700142113e-06
ChIJ9cuitllSUkYRd6ZoiDSinIM,ChIJj1RhMlhSUkYRxwx00g4P0QE,1.576139540008027e-06
ChIJ9cuitllSUkYRd6ZoiDSinIM,ChIJuYkcKlhSUkYRFPCipW5rTvU,1.7421335400090522e-06
ChIJ9cuitllSUkYRd6ZoiDSinIM,ChIJP6TdhFdSUkYRdrsWKXZMAs8,2.298902680004998e-06
ChIJ9cuitllSUkYRd6ZoiDSinIM,ChIJf9Y9sFdSUkYRmaDEJhCweGc,4.448586170014938e-06
ChIJ9cuitllSUkYRd6ZoiDSinIM,ChIJozaGTFZSUkYRNtWl2AGUPkI,5.1235741800212795e-06
ChIJ9cuitllSUkYRd6ZoiDSinIM,ChIJozaGTFZSUkYRjY7TpiWcsro,inf
ChIJ9cuitllSUkYRd6ZoiDSinIM,ChIJr8hSvVdSUkYR9El_JWHKncY,inf
ChIJ9cuitllSUkYRd6ZoiDSinIM,ChIJuYkcKlhSUkYRkyJyE8H3_fI,inf
ChIJ9cuitllSUkYRd6ZoiDSinIM,ChIJV02yLVhSUkYR5Urrpdyav5w,inf
ChIJ9cuitllSUkYRd6ZoiDSinIM,ChIJI3hCtFlSUkYRPnfwEKyXdTk,inf
ChIJ9cuitllSUkYRd6ZoiDSinIM,ChIJOW51C1lSUkYRRv6n34W9-Zg,inf
ChIJ9cuitllSUkYRd6ZoiDSinIM,ChIJj5kfbFlSUkYRcDRZTsny7_c,inf
ChIJ9cuitllSUkYRd6ZoiDSinIM,ChIJpyBCaFlSUkYR3LHwM6zxRjU,inf
ChIJ9cuitllSUkYRd6ZoiDSinIM,ChIJL3cdF1dSUkYRrSCPkRNdtPE,inf
ChIJ9cuitllSUkYRd6ZoiDSinIM,ChIJgXdTbFdSUkYR33h2wlG_Zwk,inf
ChIJ9cuitllSUkYRd6ZoiDSinIM,ChIJ64wzbldSUkYR5FeQ9EKDTkU,inf
ChIJ9cuitllSUkYRd6ZoiDSinIM,ChIJ7feGfFdSUkYRmmsyva5Yh7g,inf
ChIJ9cuitllSUkYRd6ZoiDSinIM,ChIJRwYQ1llSUkYRMKaZjz2gpdg,inf
ChIJ9cuitllSUkYRd6ZoiDSinIM,ChIJmQYH01lSUkYRA5sfbpFn4ag,inf
ChIJ9cuitllSUkYRd6ZoiDSinIM,ChIJaU2CalhSUkYR16Poj9gzgIw,3.8730997000144466e-06
ChIJ9cuitllSUkYRd6ZoiDSinIM,ChIJt2H3cFhSUkYRAkkFfX87Bq8,5.946062750008991e-06
ChIJ9cuitllSUkYRd6ZoiDSinIM,ChIJRZDreVhSUkYRo3ujslhgkNQ,inf
ChIJ9cuitllSUkYRd6ZoiDSinIM,ChIJuRTCa1hSUkYRZctNq7Wpmys,inf
ChIJ9cuitllSUkYRd6ZoiDSinIM,ChIJCy4tOFhSUkYR0RImuvsSO1g,inf
ChIJ9cuitllSUkYRd6ZoiDSinIM,ChIJtYl80VlSUkYRHsPJ77_LXm8,1.120739080001423e-06
ChIJ9cuitllSUkYRd6ZoiDSinIM,ChIJwTS011lSUkYROOaIBw6_t6k,1.3441759600029773e-06
ChIJ9cuitllSUkYRd6ZoiDSinIM,ChIJ7-bcfFdSUkYRAi_D5VAiANk,1.5488282199987176e-06
ChIJ9cuitllSUkYRd6ZoiDSinIM,ChIJb-LjZFdSUkYR0IQcqxmpIDY,1.7106140700027812e-06
ChIJ9cuitllSUkYRd6ZoiDSinIM,ChIJBWUZb1dSUkYR0KDo40YbcFQ,1.9240065699997853e-06
ChIJk2Y2M1hSUkYR8cXNNRfosIY,ChIJDfnLZ1lSUkYRchF_if80LfE,inf
ChIJk2Y2M1hSUkYR8cXNNRfosIY,ChIJsRh_oFlSUkYRkBBHQUeoKcI,inf
ChIJk2Y2M1hSUkYR8cXNNRfosIY,ChIJ9cuitllSUkYRd6ZoiDSinIM,inf
ChIJk2Y2M1hSUkYR8cXNNRfosIY,ChIJk2Y2M1hSUkYR8cXNNRfosIY,0
ChIJk2Y2M1hSUkYR8cXNNRfosIY,ChIJCy4tOFhSUkYRBiS5iJUrGnY,inf
ChIJk2Y2M1hSUkYR8cXNNRfosIY,ChIJj1RhMlhSUkYRxwx00g4P0QE,inf
ChIJk2Y2M1hSUkYR8cXNNRfosIY,ChIJuYkcKlhSUkYRFPCipW5rTvU,inf
ChIJk2Y2M1hSUkYR8cXNNRfosIY,ChIJP6TdhFdSUkYRdrsWKXZMAs8,inf
ChIJk2Y2M1hSUkYR8cXNNRfosIY,ChIJf9Y9sFdSUkYRmaDEJhCweGc,inf
ChIJk2Y2M1hSUkYR8cXNNRfosIY,ChIJozaGTFZSUkYRNtWl2AGUPkI,inf
ChIJk2Y2M1hSUkYR8cXNNRfosIY,ChIJozaGTFZSUkYRjY7TpiWcsro,inf
ChIJk2Y2M1hSUkYR8cXNNRfosIY,ChIJr8hSvVdSUkYR9El_JWHKncY,inf
ChIJk2Y2M1hSUkYR8cXNNRfosIY,ChIJuYkcKlhSUkYRkyJyE8H3_fI,inf
ChIJk2Y2M1hSUkYR8cXNNRfosIY,ChIJV02yLVhSUkYR5Urrpdyav5w,inf
ChIJk2Y2M1hSUkYR8cXNNRfosIY,ChIJI3hCtFlSUkYRPnfwEKyXdTk,inf
ChIJk2Y2M1hSUkYR8cXNNRfosIY,ChIJOW51C1lSUkYRRv6n34W9-Zg,inf
ChIJk2Y2M1hSUkYR8cXNNRfosIY,ChIJj5kfbFlSUkYRcDRZTsny7_c,inf
ChIJk2Y2M1hSUkYR8cXNNRfosIY,ChIJpyBCaFlSUkYR3LHwM6zxRjU,inf
ChIJk2Y2M1hSUkYR8cXNNRfosIY,ChIJL3cdF1dSUkYRrSCPkRNdtPE,inf
ChIJk2Y2M1hSUkYR8cXNNRfosIY,ChIJgXdTbFdSUkYR33h2wlG_Zwk,inf
ChIJk2Y2M1hSUkYR8cXNNRfosIY,ChIJ64wzbldSUkYR5FeQ9EKDTkU,inf
ChIJk2Y2M1hSUkYR8cXNNRfosIY,ChIJ7feGfFdSUkYRmmsyva5Yh7g,inf
ChIJk2Y2M1hSUkYR8cXNNRfosIY,ChIJRwYQ1llSUkYRMKaZjz2gpdg,inf
ChIJk2Y2M1hSUkYR8cXNNRfosIY,ChIJmQYH01lSUkYRA5sfbpFn4ag,inf
ChIJk2Y2M1hSUkYR8cXNNRfosIY,ChIJaU2CalhSUkYR16Poj9gzgIw,inf
ChIJk2Y2M1hSUkYR8cXNNRfosIY,ChIJt2H3cFhSUkYRAkkFfX87Bq8,inf
ChIJk2Y2M1hSUkYR8cXNNRfosIY,ChIJRZDreVhSUkYRo3ujslhgkNQ,inf
ChIJk2Y2M1hSUkYR8cXNNRfosIY,ChIJuRTCa1hSUkYRZctNq7Wpmys,inf
ChIJk2Y2M1hSUkYR8cXNNRfosIY,ChIJCy4tOFhSUkYR0RImuvsSO1g,inf
ChIJk2Y2M1hSUkYR8cXNNRfosIY,ChIJtYl80VlSUkYRHsPJ77_LXm8,4.3853258000522364e-07
ChIJk2Y2M1hSUkYR8cXNNRfosIY,ChIJwTS011lSUkYROOaIBw6_t6k,6.61969460006778e-07
ChIJk2Y2M1hSUkYR8cXNNRfosIY,ChIJ7-bcfFdSUkYRAi_D5VAiANk,8.666217200025181e-07
ChIJk2Y2M1hSUkYR8cXNNRfosIY,ChIJb-LjZFdSUkYR0IQcqxmpIDY,1.0284075700065818e-06
ChIJk2Y2M1hSUkYR8cXNNRfosIY,ChIJBWUZb1dSUkYR0KDo40YbcFQ,1.2418000700035857e-06
ChIJCy4tOFhSUkYRBiS5iJUrGnY,ChIJDfnLZ1lSUkYRchF_if80LfE,inf
ChIJCy4tOFhSUkYRBiS5iJUrGnY,ChIJsRh_oFlSUkYRkBBHQUeoKcI,inf
ChIJCy4tOFhSUkYRBiS5iJUrGnY,ChIJ9cuitllSUkYRd6ZoiDSinIM,inf
ChIJCy4tOFhSUkYRBiS5iJUrGnY,ChIJk2Y2M1hSUkYR8cXNNRfosIY,inf
ChIJCy4tOFhSUkYRBiS5iJUrGnY,ChIJCy4tOFhSUkYRBiS5iJUrGnY,0
ChIJCy4tOFhSUkYRBiS5iJUrGnY,ChIJj1RhMlhSUkYRxwx00g4P0QE,inf
ChIJCy4tOFhSUkYRBiS5iJUrGnY,ChIJuYkcKlhSUkYRFPCipW5rTvU,inf
ChIJCy4tOFhSUkYRBiS5iJUrGnY,ChIJP6TdhFdSUkYRdrsWKXZMAs8,inf
ChIJCy4tOFhSUkYRBiS5iJUrGnY,ChIJf9Y9sFdSUkYRmaDEJhCweGc,inf
ChIJCy4tOFhSUkYRBiS5iJUrGnY,ChIJozaGTFZSUkYRNtWl2AGUPkI,inf
ChIJCy4tOFhSUkYRBiS5iJUrGnY,ChIJozaGTFZSUkYRjY7TpiWcsro,inf
ChIJCy4tOFhSUkYRBiS5iJUrGnY,ChIJr8hSvVdSUkYR9El_JWHKncY,inf
ChIJCy4tOFhSUkYRBiS5iJUrGnY,ChIJuYkcKlhSUkYRkyJyE8H3_fI,inf
ChIJCy4tOFhSUkYRBiS5iJUrGnY,ChIJV02yLVhSUkYR5Urrpdyav5w,inf
ChIJCy4tOFhSUkYRBiS5iJUrGnY,ChIJI3hCtFlSUkYRPnfwEKyXdTk,inf
ChIJCy4tOFhSUkYRBiS5iJUrGnY,ChIJOW51C1lSUkYRRv6n34W9-Zg,inf
ChIJCy4tOFhSUkYRBiS5iJUrGnY,ChIJj5kfbFlSUkYRcDRZTsny7_c,inf
ChIJCy4tOFhSUkYRBiS5iJUrGnY,ChIJpyBCaFlSUkYR3LHwM6zxRjU,inf
ChIJCy4tOFhSUkYRBiS5iJUrGnY,ChIJL3cdF1dSUkYRrSCPkRNdtPE,inf
ChIJCy4tOFhSUkYRBiS5iJUrGnY,ChIJgXdTbFdSUkYR33h2wlG_Zwk,inf
ChIJCy4tOFhSUkYRBiS5iJUrGnY,ChIJ64wzbldSUkYR5FeQ9EKDTkU,inf
ChIJCy4tOFhSUkYRBiS5iJUrGnY,ChIJ7feGfFdSUkYRmmsyva5Yh7g,inf
ChIJCy4tOFhSUkYRBiS5iJUrGnY,ChIJRwYQ1llSUkYRMKaZjz2gpdg,inf
ChIJCy4tOFhSUkYRBiS5iJUrGnY,ChIJmQYH01lSUkYRA5sfbpFn4ag,inf
ChIJCy4tOFhSUkYRBiS5iJUrGnY,ChIJaU2CalhSUkYR16Poj9gzgIw,9.60070730000235e-07
ChIJCy4tOFhSUkYRBiS5iJUrGnY,ChIJt2H3cFhSUkYRAkkFfX87Bq8,3.0330337799947795e-06
ChIJCy4tOFhSUkYRBiS5iJUrGnY,ChIJRZDreVhSUkYRo3ujslhgkNQ,inf
ChIJCy4tOFhSUkYRBiS5iJUrGnY,ChIJuRTCa1hSUkYRZctNq7Wpmys,inf
ChIJCy4tOFhSUkYRBiS5iJUrGnY,ChIJCy4tOFhSUkYR0RImuvsSO1g,inf
ChIJCy4tOFhSUkYRBiS5iJUrGnY,ChIJtYl80VlSUkYRHsPJ77_LXm8,inf
ChIJCy4tOFhSUkYRBiS5iJUrGnY,ChIJwTS011lSUkYROOaIBw6_t6k,inf
ChIJCy4tOFhSUkYRBiS5iJUrGnY,ChIJ7-bcfFdSUkYRAi_D5VAiANk,inf
ChIJCy4tOFhSUkYRBiS5iJUrGnY,ChIJb-LjZFdSUkYR0IQcqxmpIDY,inf
ChIJCy4tOFhSUkYRBiS5iJUrGnY,ChIJBWUZb1dSUkYR0KDo40YbcFQ,inf
ChIJj1RhMlhSUkYRxwx00g4P0QE,ChIJDfnLZ1lSUkYRchF_if80LfE,inf
ChIJj1RhMlhSUkYRxwx00g4P0QE,ChIJsRh_oFlSUkYRkBBHQUeoKcI,inf
ChIJj1RhMlhSUkYRxwx00g4P0QE,ChIJ9cuitllSUkYRd6ZoiDSinIM,inf
ChIJj1RhMlhSUkYRxwx00g4P0QE,ChIJk2Y2M1hSUkYR8cXNNRfosIY,inf
ChIJj1RhMlhSUkYRxwx00g4P0QE,ChIJCy4tOFhSUkYRBiS5iJUrGnY,inf
ChIJj1RhMlhSUkYRxwx00g4P0QE,ChIJj1RhMlhSUkYRxwx00g4P0QE,0
ChIJj1RhMlhSUkYRxwx00g4P0QE,ChIJuYkcKlhSUkYRFPCipW5rTvU,1.659940000010251e-07
ChIJj1RhMlhSUkYRxwx00g4P0QE,ChIJP6TdhFdSUkYRdrsWKXZMAs8,7.22763139996971e-07
ChIJj1RhMlhSUkYRxwx00g4P0QE,ChIJf9Y9sFdSUkYRmaDEJhCweGc,2.8724466300069107e-06
ChIJj1RhMlhSUkYRxwx00g4P0QE,ChIJozaGTFZSUkYRNtWl2AGUPkI,3.5474346400132527e-06
ChIJj1RhMlhSUkYRxwx00g4P0QE,ChIJozaGTFZSUkYRjY7TpiWcsro,inf
ChIJj1RhMlhSUkYRxwx00g4P0QE,ChIJr8hSvVdSUkYR9El_JWHKncY,inf
ChIJj1RhMlhSUkYRxwx00g4P0QE,ChIJuYkcKlhSUkYRkyJyE8H3_fI,inf
ChIJj1RhMlhSUkYRxwx00g4P0QE,ChIJV02yLVhSUkYR5Urrpdyav5w,inf
ChIJj1RhMlhSUkYRxwx00g4P0QE,ChIJI3hCtFlSUkYRPnfwEKyXdTk,inf
ChIJj1RhMlhSUkYRxwx00g4P0QE,ChIJOW51C1lSUkYRRv6n34W9-Zg,inf
ChIJj1RhMlhSUkYRxwx00g4P0QE,ChIJj5kfbFlSUkYRcDRZTsny7_c,inf
ChIJj1RhMlhSUkYRxwx00g4P0QE,ChIJpyBCaFlSUkYR3LHwM6zxRjU,inf
ChIJj1RhMlhSUkYRxwx00g4P0QE,ChIJL3cdF1dSUkYRrSCPkRNdtPE,inf
ChIJj1RhMlhSUkYRxwx00g4P0QE,ChIJgXdTbFdSUkYR33h2wlG_Zwk,inf
ChIJj1RhMlhSUkYRxwx00g4P0QE,ChIJ64wzbldSUkYR5FeQ9EKDTkU,inf
ChIJj1RhMlhSUkYRxwx00g4P0QE,ChIJ7feGfFdSUkYRmmsyva5Yh7g,inf
ChIJj1RhMlhSUkYRxwx00g4P0QE,ChIJRwYQ1llSUkYRMKaZjz2gpdg,inf
ChIJj1RhMlhSUkYRxwx00g4P0QE,ChIJmQYH01lSUkYRA5sfbpFn4ag,inf
ChIJj1RhMlhSUkYRxwx00g4P0QE,ChIJaU2CalhSUkYR16Poj9gzgIw,inf
ChIJj1RhMlhSUkYRxwx00g4P0QE,ChIJt2H3cFhSUkYRAkkFfX87Bq8,inf
ChIJj1RhMlhSUkYRxwx00g4P0QE,ChIJRZDreVhSUkYRo3ujslhgkNQ,inf
ChIJj1RhMlhSUkYRxwx00g4P0QE,ChIJuRTCa1hSUkYRZctNq7Wpmys,inf
ChIJj1RhMlhSUkYRxwx00g4P0QE,ChIJCy4tOFhSUkYR0RImuvsSO1g,inf
ChIJj1RhMlhSUkYRxwx00g4P0QE,ChIJtYl80VlSUkYRHsPJ77_LXm8,inf
ChIJj1RhMlhSUkYRxwx00g4P0QE,ChIJwTS011lSUkYROOaIBw6_t6k,inf
ChIJj1RhMlhSUkYRxwx00g4P0QE,ChIJ7-bcfFdSUkYRAi_D5VAiANk,inf
ChIJj1RhMlhSUkYRxwx00g4P0QE,ChIJb-LjZFdSUkYR0IQcqxmpIDY,inf
ChIJj1RhMlhSUkYRxwx00g4P0QE,ChIJBWUZb1dSUkYR0KDo40YbcFQ,inf
ChIJuYkcKlhSUkYRFPCipW5rTvU,ChIJDfnLZ1lSUkYRchF_if80LfE,inf
ChIJuYkcKlhSUkYRFPCipW5rTvU,ChIJsRh_oFlSUkYRkBBHQUeoKcI,inf
ChIJuYkcKlhSUkYRFPCipW5rTvU,ChIJ9cuitllSUkYRd6ZoiDSinIM,inf
ChIJuYkcKlhSUkYRFPCipW5rTvU,ChIJk2Y2M1hSUkYR8cXNNRfosIY,inf
ChIJuYkcKlhSUkYRFPCipW5rTvU,ChIJCy4tOFhSUkYRBiS5iJUrGnY,inf
ChIJuYkcKlhSUkYRFPCipW5rTvU,ChIJj1RhMlhSUkYRxwx00g4P0QE,inf
ChIJuYkcKlhSUkYRFPCipW5rTvU,ChIJuYkcKlhSUkYRFPCipW5rTvU,0
ChIJuYkcKlhSUkYRFPCipW5rTvU,ChIJP6TdhFdSUkYRdrsWKXZMAs8,5.567691399959459e-07
ChIJuYkcKlhSUkYRFPCipW5rTvU,ChIJf9Y9sFdSUkYRmaDEJhCweGc,2.7064526300058858e-06
ChIJuYkcKlhSUkYRFPCipW5rTvU,ChIJozaGTFZSUkYRNtWl2AGUPkI,3.3814406400122277e-06
ChIJuYkcKlhSUkYRFPCipW5rTvU,ChIJozaGTFZSUkYRjY7TpiWcsro,inf
ChIJuYkcKlhSUkYRFPCipW5rTvU,ChIJr8hSvVdSUkYR9El_JWHKncY,inf
ChIJuYkcKlhSUkYRFPCipW5rTvU,ChIJuYkcKlhSUkYRkyJyE8H3_fI,inf
ChIJuYkcKlhSUkYRFPCipW5rTvU,ChIJV02yLVhSUkYR5Urrpdyav5w,inf
ChIJuYkcKlhSUkYRFPCipW5rTvU,ChIJI3hCtFlSUkYRPnfwEKyXdTk,inf
ChIJuYkcKlhSUkYRFPCipW5rTvU,ChIJOW51C1lSUkYRRv6n34W9-Zg,inf
ChIJuYkcKlhSUkYRFPCipW5rTvU,ChIJj5kfbFlSUkYRcDRZTsny7_c,inf
ChIJuYkcKlhSUkYRFPCipW5rTvU,ChIJpyBCaFlSUkYR3LHwM6zxRjU,inf
ChIJuYkcKlhSUkYRFPCipW5rTvU,ChIJL3cdF1dSUkYRrSCPkRNdtPE,inf
ChIJuYkcKlhSUkYRFPCipW5rTvU,ChIJgXdTbFdSUkYR33h2wlG_Zwk,inf
ChIJuYkcKlhSUkYRFPCipW5rTvU,ChIJ64wzbldSUkYR5FeQ9EKDTkU,inf
ChIJuYkcKlhSUkYRFPCipW5rTvU,ChIJ7feGfFdSUkYRmmsyva5Yh7g,inf
ChIJuYkcKlhSUkYRFPCipW5rTvU,ChIJRwYQ1llSUkYRMKaZjz2gpdg,inf
ChIJuYkcKlhSUkYRFPCipW5rTvU,ChIJmQYH01lSUkYRA5sfbpFn4ag,inf
ChIJuYkcKlhSUkYRFPCipW5rTvU,ChIJaU2CalhSUkYR16Poj9gzgIw,inf
ChIJuYkcKlhSUkYRFPCipW5rTvU,ChIJt2H3cFhSUkYRAkkFfX87Bq8,inf
ChIJuYkcKlhSUkYRFPCipW5rTvU,ChIJRZDreVhSUkYRo3ujslhgkNQ,inf
ChIJuYkcKlhSUkYRFPCipW5rTvU,ChIJuRTCa1hSUkYRZctNq7Wpmys,inf
ChIJuYkcKlhSUkYRFPCipW5rTvU,ChIJCy4tOFhSUkYR0RImuvsSO1g,inf
ChIJuYkcKlhSUkYRFPCipW5rTvU,ChIJtYl80VlSUkYRHsPJ77_LXm8,inf
ChIJuYkcKlhSUkYRFPCipW5rTvU,ChIJwTS011lSUkYROOaIBw6_t6k,inf
ChIJuYkcKlhSUkYRFPCipW5rTvU,ChIJ7-bcfFdSUkYRAi_D5VAiANk,inf
ChIJuYkcKlhSUkYRFPCipW5rTvU,ChIJb-LjZFdSUkYR0IQcqxmpIDY,inf
ChIJuYkcKlhSUkYRFPCipW5rTvU,ChIJBWUZb1dSUkYR0KDo40YbcFQ,inf
ChIJP6TdhFdSUkYRdrsWKXZMAs8,ChIJDfnLZ1lSUkYRchF_if80LfE,inf
ChIJP6TdhFdSUkYRdrsWKXZMAs8,ChIJsRh_oFlSUkYRkBBHQUeoKcI,inf
ChIJP6TdhFdSUkYRdrsWKXZMAs8,ChIJ9cuitllSUkYRd6ZoiDSinIM,inf
ChIJP6TdhFdSUkYRdrsWKXZMAs8,ChIJk2Y2M1hSUkYR8cXNNRfosIY,inf
ChIJP6TdhFdSUkYRdrsWKXZMAs8,ChIJCy4tOFhSUkYRBiS5iJUrGnY,inf
ChIJP6TdhFdSUkYRdrsWKXZMAs8,ChIJj1RhMlhSUkYRxwx00g4P0QE,inf
ChIJP6TdhFdSUkYRdrsWKXZMAs8,ChIJuYkcKlhSUkYRFPCipW5rTvU,inf
ChIJP6TdhFdSUkYRdrsWKXZMAs8,ChIJP6TdhFdSUkYRdrsWKXZMAs8,0
ChIJP6TdhFdSUkYRdrsWKXZMAs8,ChIJf9Y9sFdSUkYRmaDEJhCweGc,2.14968349000994e-06
ChIJP6TdhFdSUkYRdrsWKXZMAs8,ChIJozaGTFZSUkYRNtWl2AGUPkI,2.824671500016282e-06
ChIJP6TdhFdSUkYRdrsWKXZMAs8,ChIJozaGTFZSUkYRjY7TpiWcsro,inf
ChIJP6TdhFdSUkYRdrsWKXZMAs8,ChIJr8hSvVdSUkYR9El_JWHKncY,inf
ChIJP6TdhFdSUkYRdrsWKXZMAs8,ChIJuYkcKlhSUkYRkyJyE8H3_fI,inf
ChIJP6TdhFdSUkYRdrsWKXZMAs8,ChIJV02yLVhSUkYR5Urrpdyav5w,inf
ChIJP6TdhFdSUkYRdrsWKXZMAs8,ChIJI3hCtFlSUkYRPnfwEKyXdTk,inf
ChIJP6TdhFdSUkYRdrsWKXZMAs8,ChIJOW51C1lSUkYRRv6n34W9-Zg,inf
ChIJP6TdhFdSUkYRdrsWKXZMAs8,ChIJj5kfbFlSUkYRcDRZTsny7_c,inf
ChIJP6TdhFdSUkYRdrsWKXZMAs8,ChIJpyBCaFlSUkYR3LHwM6zxRjU,inf
ChIJP6TdhFdSUkYRdrsWKXZMAs8,ChIJL3cdF1dSUkYRrSCPkRNdtPE,inf
ChIJP6TdhFdSUkYRdrsWKXZMAs8,ChIJgXdTbFdSUkYR33h2wlG_Zwk,inf
ChIJP6TdhFdSUkYRdrsWKXZMAs8,ChIJ64wzbldSUkYR5FeQ9EKDTkU,inf
ChIJP6TdhFdSUkYRdrsWKXZMAs8,ChIJ7feGfFdSUkYRmmsyva5Yh7g,inf
ChIJP6TdhFdSUkYRdrsWKXZMAs8,ChIJRwYQ1llSUkYRMKaZjz2gpdg,inf
ChIJP6TdhFdSUkYRdrsWKXZMAs8,ChIJmQYH01lSUkYRA5sfbpFn4ag,inf
ChIJP6TdhFdSUkYRdrsWKXZMAs8,ChIJaU2CalhSUkYR16Poj9gzgIw,inf
ChIJP6TdhFdSUkYRdrsWKXZMAs8,ChIJt2H3cFhSUkYRAkkFfX87Bq8,inf
ChIJP6TdhFdSUkYRdrsWKXZMAs8,ChIJRZDreVhSUkYRo3ujslhgkNQ,inf
ChIJP6TdhFdSUkYRdrsWKXZMAs8,ChIJuRTCa1hSUkYRZctNq7Wpmys,inf
ChIJP6TdhFdSUkYRdrsWKXZMAs8,ChIJCy4tOFhSUkYR0RImuvsSO1g,inf
ChIJP6TdhFdSUkYRdrsWKXZMAs8,ChIJtYl80VlSUkYRHsPJ77_LXm8,inf
ChIJP6TdhFdSUkYRdrsWKXZMAs8,ChIJwTS011lSUkYROOaIBw6_t6k,inf
ChIJP6TdhFdSUkYRdrsWKXZMAs8,ChIJ7-bcfFdSUkYRAi_D5VAiANk,inf
ChIJP6TdhFdSUkYRdrsWKXZMAs8,ChIJb-LjZFdSUkYR0IQcqxmpIDY,inf
ChIJP6TdhFdSUkYRdrsWKXZMAs8,ChIJBWUZb1dSUkYR0KDo40YbcFQ,inf
ChIJf9Y9sFdSUkYRmaDEJhCweGc,ChIJDfnLZ1lSUkYRchF_if80LfE,inf
ChIJf9Y9sFdSUkYRmaDEJhCweGc,ChIJsRh_oFlSUkYRkBBHQUeoKcI,inf
ChIJf9Y9sFdSUkYRmaDEJhCweGc,ChIJ9cuitllSUkYRd6ZoiDSinIM,inf
ChIJf9Y9sFdSUkYRmaDEJhCweGc,ChIJk2Y2M1hSUkYR8cXNNRfosIY,inf
ChIJf9Y9sFdSUkYRmaDEJhCweGc,ChIJCy4tOFhSUkYRBiS5iJUrGnY,inf
ChIJf9Y9sFdSUkYRmaDEJhCweGc,ChIJj1RhMlhSUkYRxwx00g4P0QE,inf
ChIJf9Y9sFdSUkYRmaDEJhCweGc,ChIJuYkcKlhSUkYRFPCipW5rTvU,inf
ChIJf9Y9sFdSUkYRmaDEJhCweGc,ChIJP6TdhFdSUkYRdrsWKXZMAs8,inf
ChIJf9Y9sFdSUkYRmaDEJhCweGc,ChIJf9Y9sFdSUkYRmaDEJhCweGc,0
ChIJf9Y9sFdSUkYRmaDEJhCweGc,ChIJozaGTFZSUkYRNtWl2AGUPkI,6.74988010006342e-07
ChIJf9Y9sFdSUkYRmaDEJhCweGc,ChIJozaGTFZSUkYRjY7TpiWcsro,inf
ChIJf9Y9sFdSUkYRmaDEJhCweGc,ChIJr8hSvVdSUkYR9El_JWHKncY,inf
ChIJf9Y9sFdSUkYRmaDEJhCweGc,ChIJuYkcKlhSUkYRkyJyE8H3_fI,inf
ChIJf9Y9sFdSUkYRmaDEJhCweGc,ChIJV02yLVhSUkYR5Urrpdyav5w,inf
ChIJf9Y9sFdSUkYRmaDEJhCweGc,ChIJI3hCtFlSUkYRPnfwEKyXdTk,inf
ChIJf9Y9sFdSUkYRmaDEJhCweGc,ChIJOW51C1lSUkYRRv6n34W9-Zg,inf
ChIJf9Y9sFdSUkYRmaDEJhCweGc,ChIJj5kfbFlSUkYRcDRZTsny7_c,inf
ChIJf9Y9sFdSUkYRmaDEJhCweGc,ChIJpyBCaFlSUkYR3LHwM6zxRjU,inf
ChIJf9Y9sFdSUkYRmaDEJhCweGc,ChIJL3cdF1dSUkYRrSCPkRNdtPE,inf
ChIJf9Y9sFdSUkYRmaDEJhCweGc,ChIJgXdTbFdSUkYR33h2wlG_Zwk,inf
ChIJf9Y9sFdSUkYRmaDEJhCweGc,ChIJ64wzbldSUkYR5FeQ9EKDTkU,inf
ChIJf9Y9sFdSUkYRmaDEJhCweGc,ChIJ7feGfFdSUkYRmmsyva5Yh7g,inf
ChIJf9Y9sFdSUkYRmaDEJhCweGc,ChIJRwYQ1llSUkYRMKaZjz2gpdg,inf
ChIJf9Y9sFdSUkYRmaDEJhCweGc,ChIJmQYH01lSUkYRA5sfbpFn4ag,inf
ChIJf9Y9sFdSUkYRmaDEJhCweGc,ChIJaU2CalhSUkYR16Poj9gzgIw,inf
ChIJf9Y9sFdSUkYRmaDEJhCweGc,ChIJt2H3cFhSUkYRAkkFfX87Bq8,inf
ChIJf9Y9sFdSUkYRmaDEJhCweGc,ChIJRZDreVhSUkYRo3ujslhgkNQ,inf
ChIJf9Y9sFdSUkYRmaDEJhCweGc,ChIJuRTCa1hSUkYRZctNq7Wpmys,inf
ChIJf9Y9sFdSUkYRmaDEJhCweGc,ChIJCy4tOFhSUkYR0RImuvsSO1g,inf
ChIJf9Y9sFdSUkYRmaDEJhCweGc,ChIJtYl80VlSUkYRHsPJ77_LXm8,inf
ChIJf9Y9sFdSUkYRmaDEJhCweGc,ChIJwTS011lSUkYROOaIBw6_t6k,inf
ChIJf9Y9sFdSUkYRmaDEJhCweGc,ChIJ7-bcfFdSUkYRAi_D5VAiANk,inf
ChIJf9Y9sFdSUkYRmaDEJhCweGc,ChIJb-LjZFdSUkYR0IQcqxmpIDY,inf
ChIJf9Y9sFdSUkYRmaDEJhCweGc,ChIJBWUZb1dSUkYR0KDo40YbcFQ,inf
ChIJozaGTFZSUkYRNtWl2AGUPkI,ChIJDfnLZ1lSUkYRchF_if80LfE,inf
ChIJozaGTFZSUkYRNtWl2AGUPkI,ChIJsRh_oFlSUkYRkBBHQUeoKcI,inf
ChIJozaGTFZSUkYRNtWl2AGUPkI,ChIJ9cuitllSUkYRd6ZoiDSinIM,inf
ChIJozaGTFZSUkYRNtWl2AGUPkI,ChIJk2Y2M1hSUkYR8cXNNRfosIY,inf
ChIJozaGTFZSUkYRNtWl2AGUPkI,ChIJCy4tOFhSUkYRBiS5iJUrGnY,inf
ChIJozaGTFZSUkYRNtWl2AGUPkI,ChIJj1RhMlhSUkYRxwx00g4P0QE,inf
ChIJozaGTFZSUkYRNtWl2AGUPkI,ChIJuYkcKlhSUkYRFPCipW5rTvU,inf
ChIJozaGTFZSUkYRNtWl2AGUPkI,ChIJP6TdhFdSUkYRdrsWKXZMAs8,inf
ChIJozaGTFZSUkYRNtWl2AGUPkI,ChIJf9Y9sFdSUkYRmaDEJhCweGc,inf
ChIJozaGTFZSUkYRNtWl2AGUPkI,ChIJozaGTFZSUkYRNtWl2AGUPkI,0
ChIJozaGTFZSUkYRNtWl2AGUPkI,ChIJozaGTFZSUkYRjY7TpiWcsro,inf
ChIJozaGTFZSUkYRNtWl2AGUPkI,ChIJr8hSvVdSUkYR9El_JWHKncY,inf
ChIJozaGTFZSUkYRNtWl2AGUPkI,ChIJuYkcKlhSUkYRkyJyE8H3_fI,inf
ChIJozaGTFZSUkYRNtWl2AGUPkI,ChIJV02yLVhSUkYR5Urrpdyav5w,inf
ChIJozaGTFZSUkYRNtWl2AGUPkI,ChIJI3hCtFlSUkYRPnfwEKyXdTk,inf
ChIJozaGTFZSUkYRNtWl2AGUPkI,ChIJOW51C1lSUkYRRv6n34W9-Zg,inf
ChIJozaGTFZSUkYRNtWl2AGUPkI,ChIJj5kfbFlSUkYRcDRZTsny7_c,inf
ChIJozaGTFZSUkYRNtWl2AGUPkI,ChIJpyBCaFlSUkYR3LHwM6zxRjU,inf
ChIJozaGTFZSUkYRNtWl2AGUPkI,ChIJL3cdF1dSUkYRrSCPkRNdtPE,inf
ChIJozaGTFZSUkYRNtWl2AGUPkI,ChIJgXdTbFdSUkYR33h2wlG_Zwk,inf
ChIJozaGTFZSUkYRNtWl2AGUPkI,ChIJ64wzbldSUkYR5FeQ9EKDTkU,inf
ChIJozaGTFZSUkYRNtWl2AGUPkI,ChIJ7feGfFdSUkYRmmsyva5Yh7g,inf
ChIJozaGTFZSUkYRNtWl2AGUPkI,ChIJRwYQ1llSUkYRMKaZjz2gpdg,inf
ChIJozaGTFZSUkYRNtWl2AGUPkI,ChIJmQYH01lSUkYRA5sfbpFn4ag,inf
ChIJozaGTFZSUkYRNtWl2AGUPkI,ChIJaU2CalhSUkYR16Poj9gzgIw,inf
ChIJozaGTFZSUkYRNtWl2AGUPkI,ChIJt2H3cFhSUkYRAkkFfX87Bq8,inf
ChIJozaGTFZSUkYRNtWl2AGUPkI,ChIJRZDreVhSUkYRo3ujslhgkNQ,inf
ChIJozaGTFZSUkYRNtWl2AGUPkI,ChIJuRTCa1hSUkYRZctNq7Wpmys,inf
ChIJozaGTFZSUkYRNtWl2AGUPkI,ChIJCy4tOFhSUkYR0RImuvsSO1g,inf
ChIJozaGTFZSUkYRNtWl2AGUPkI,ChIJtYl80VlSUkYRHsPJ77_LXm8,inf
ChIJozaGTFZSUkYRNtWl2AGUPkI,ChIJwTS011lSUkYROOaIBw6_t6k,inf
ChIJozaGTFZSUkYRNtWl2AGUPkI,ChIJ7-bcfFdSUkYRAi_D5VAiANk,inf
ChIJozaGTFZSUkYRNtWl2AGUPkI,ChIJb-LjZFdSUkYR0IQcqxmpIDY,inf
ChIJozaGTFZSUkYRNtWl2AGUPkI,ChIJBWUZb1dSUkYR0KDo40YbcFQ,inf
ChIJozaGTFZSUkYRjY7TpiWcsro,ChIJDfnLZ1lSUkYRchF_if80LfE,inf
ChIJozaGTFZSUkYRjY7TpiWcsro,ChIJsRh_oFlSUkYRkBBHQUeoKcI,inf
ChIJozaGTFZSUkYRjY7TpiWcsro,ChIJ9cuitllSUkYRd6ZoiDSinIM,inf
ChIJozaGTFZSUkYRjY7TpiWcsro,ChIJk2Y2M1hSUkYR8cXNNRfosIY,5.364812360001345e-06
ChIJozaGTFZSUkYRjY7TpiWcsro,ChIJCy4tOFhSUkYRBiS5iJUrGnY,6.1630466499929355e-06
ChIJozaGTFZSUkYRjY7TpiWcsro,ChIJj1RhMlhSUkYRxwx00g4P0QE,inf
ChIJozaGTFZSUkYRjY7TpiWcsro,ChIJuYkcKlhSUkYRFPCipW5rTvU,inf
ChIJozaGTFZSUkYRjY7TpiWcsro,ChIJP6TdhFdSUkYRdrsWKXZMAs8,inf
ChIJozaGTFZSUkYRjY7TpiWcsro,ChIJf9Y9sFdSUkYRmaDEJhCweGc,inf
ChIJozaGTFZSUkYRjY7TpiWcsro,ChIJozaGTFZSUkYRNtWl2AGUPkI,inf
ChIJozaGTFZSUkYRjY7TpiWcsro,ChIJozaGTFZSUkYRjY7TpiWcsro,0
ChIJozaGTFZSUkYRjY7TpiWcsro,ChIJr8hSvVdSUkYR9El_JWHKncY,2.2576238099922903e-06
ChIJozaGTFZSUkYRjY7TpiWcsro,ChIJuYkcKlhSUkYRkyJyE8H3_fI,4.597835979993815e-06
ChIJozaGTFZSUkYRjY7TpiWcsro,ChIJV02yLVhSUkYR5Urrpdyav5w,4.8375993599987585e-06
ChIJozaGTFZSUkYRjY7TpiWcsro,ChIJI3hCtFlSUkYRPnfwEKyXdTk,6.581722009968342e-06
ChIJozaGTFZSUkYRjY7TpiWcsro,ChIJOW51C1lSUkYRRv6n34W9-Zg,9.145018529976156e-06
ChIJozaGTFZSUkYRjY7TpiWcsro,ChIJj5kfbFlSUkYRcDRZTsny7_c,9.93134501998816e-06
ChIJozaGTFZSUkYRjY7TpiWcsro,ChIJpyBCaFlSUkYR3LHwM6zxRjU,1.0099832589988103e-05
ChIJozaGTFZSUkYRjY7TpiWcsro,ChIJL3cdF1dSUkYRrSCPkRNdtPE,inf
ChIJozaGTFZSUkYRjY7TpiWcsro,ChIJgXdTbFdSUkYR33h2wlG_Zwk,inf
ChIJozaGTFZSUkYRjY7TpiWcsro,ChIJ64wzbldSUkYR5FeQ9EKDTkU,inf
ChIJozaGTFZSUkYRjY7TpiWcsro,ChIJ7feGfFdSUkYRmmsyva5Yh7g,inf
ChIJozaGTFZSUkYRjY7TpiWcsro,ChIJRwYQ1llSUkYRMKaZjz2gpdg,inf
ChIJozaGTFZSUkYRjY7TpiWcsro,ChIJmQYH01lSUkYRA5sfbpFn4ag,inf
ChIJozaGTFZSUkYRjY7TpiWcsro,ChIJaU2CalhSUkYR16Poj9gzgIw,7.123117379993171e-06
ChIJozaGTFZSUkYRjY7TpiWcsro,ChIJt2H3cFhSUkYRAkkFfX87Bq8,9.196080429987716e-06
ChIJozaGTFZSUkYRjY7TpiWcsro,ChIJRZDreVhSUkYRo3ujslhgkNQ,inf
ChIJozaGTFZSUkYRjY7TpiWcsro,ChIJuRTCa1hSUkYRZctNq7Wpmys,inf
ChIJozaGTFZSUkYRjY7TpiWcsro,ChIJCy4tOFhSUkYR0RImuvsSO1g,inf
ChIJozaGTFZSUkYRjY7TpiWcsro,ChIJtYl80VlSUkYRHsPJ77_LXm8,5.803344940006569e-06
ChIJozaGTFZSUkYRjY7TpiWcsro,ChIJwTS011lSUkYROOaIBw6_t6k,6.026781820008123e-06
ChIJozaGTFZSUkYRjY7TpiWcsro,ChIJ7-bcfFdSUkYRAi_D5VAiANk,6.2314340800038634e-06
ChIJozaGTFZSUkYRjY7TpiWcsro,ChIJb-LjZFdSUkYR0IQcqxmpIDY,6.3932199300079275e-06
ChIJozaGTFZSUkYRjY7TpiWcsro,ChIJBWUZb1dSUkYR0KDo40YbcFQ,6.606612430004931e-06
ChIJr8hSvVdSUkYR9El_JWHKncY,ChIJDfnLZ1lSUkYRchF_if80LfE,inf
ChIJr8hSvVdSUkYR9El_JWHKncY,ChIJsRh_oFlSUkYRkBBHQUeoKcI,inf
ChIJr8hSvVdSUkYR9El_JWHKncY,ChIJ9cuitllSUkYRd6ZoiDSinIM,inf
ChIJr8hSvVdSUkYR9El_JWHKncY,ChIJk2Y2M1hSUkYR8cXNNRfosIY,3.1071885500090546e-06
ChIJr8hSvVdSUkYR9El_JWHKncY,ChIJCy4tOFhSUkYRBiS5iJUrGnY,3.905422840000645e-06
ChIJr8hSvVdSUkYR9El_JWHKncY,ChIJj1RhMlhSUkYRxwx00g4P0QE,inf
ChIJr8hSvVdSUkYR9El_JWHKncY,ChIJuYkcKlhSUkYRFPCipW5rTvU,inf
ChIJr8hSvVdSUkYR9El_JWHKncY,ChIJP6TdhFdSUkYRdrsWKXZMAs8,inf
ChIJr8hSvVdSUkYR9El_JWHKncY,ChIJf9Y9sFdSUkYRmaDEJhCweGc,inf
ChIJr8hSvVdSUkYR9El_JWHKncY,ChIJozaGTFZSUkYRNtWl2AGUPkI,inf
ChIJr8hSvVdSUkYR9El_JWHKncY,ChIJozaGTFZSUkYRjY7TpiWcsro,inf
ChIJr8hSvVdSUkYR9El_JWHKncY,ChIJr8hSvVdSUkYR9El_JWHKncY,0
ChIJr8hSvVdSUkYR9El_JWHKncY,ChIJuYkcKlhSUkYRkyJyE8H3_fI,2.3402121700015246e-06
ChIJr8hSvVdSUkYR9El_JWHKncY,ChIJV02yLVhSUkYR5Urrpdyav5w,2.5799755500064683e-06
ChIJr8hSvVdSUkYR9El_JWHKncY,ChIJI3hCtFlSUkYRPnfwEKyXdTk,4.324098199976052e-06
ChIJr8hSvVdSUkYR9El_JWHKncY,ChIJOW51C1lSUkYRRv6n34W9-Zg,6.887394719983866e-06
ChIJr8hSvVdSUkYR9El_JWHKncY,ChIJj5kfbFlSUkYRcDRZTsny7_c,7.673721209995871e-06
ChIJr8hSvVdSUkYR9El_JWHKncY,ChIJpyBCaFlSUkYR3LHwM6zxRjU,7.842208779995813e-06
ChIJr8hSvVdSUkYR9El_JWHKncY,ChIJL3cdF1dSUkYRrSCPkRNdtPE,inf
ChIJr8hSvVdSUkYR9El_JWHKncY,ChIJgXdTbFdSUkYR33h2wlG_Zwk,inf
ChIJr8hSvVdSUkYR9El_JWHKncY,ChIJ64wzbldSUkYR5FeQ9EKDTkU,inf
ChIJr8hSvVdSUkYR9El_JWHKncY,ChIJ7feGfFdSUkYRmmsyva5Yh7g,inf
ChIJr8hSvVdSUkYR9El_JWHKncY,ChIJRwYQ1llSUkYRMKaZjz2gpdg,inf
ChIJr8hSvVdSUkYR9El_JWHKncY,ChIJmQYH01lSUkYRA5sfbpFn4ag,inf
ChIJr8hSvVdSUkYR9El_JWHKncY,ChIJaU2CalhSUkYR16Poj9gzgIw,4.8654935700008805e-06
ChIJr8hSvVdSUkYR9El_JWHKncY,ChIJt2H3cFhSUkYRAkkFfX87Bq8,6.938456619995425e-06
ChIJr8hSvVdSUkYR9El_JWHKncY,ChIJRZDreVhSUkYRo3ujslhgkNQ,inf
ChIJr8hSvVdSUkYR9El_JWHKncY,ChIJuRTCa1hSUkYRZctNq7Wpmys,inf
ChIJr8hSvVdSUkYR9El_JWHKncY,ChIJCy4tOFhSUkYR0RImuvsSO1g,inf
ChIJr8hSvVdSUkYR9El_JWHKncY,ChIJtYl80VlSUkYRHsPJ77_LXm8,3.5457211300142784e-06
ChIJr8hSvVdSUkYR9El_JWHKncY,ChIJwTS011lSUkYROOaIBw6_t6k,3.769158010015833e-06
ChIJr8hSvVdSUkYR9El_JWHKncY,ChIJ7-bcfFdSUkYRAi_D5VAiANk,3.973810270011573e-06
ChIJr8hSvVdSUkYR9El_JWHKncY,ChIJb-LjZFdSUkYR0IQcqxmpIDY,4.135596120015637e-06
ChIJr8hSvVdSUkYR9El_JWHKncY,ChIJBWUZb1dSUkYR0KDo40YbcFQ,4.348988620012641e-06
ChIJuYkcKlhSUkYRkyJyE8H3_fI,ChIJDfnLZ1lSUkYRchF_if80LfE,inf
ChIJuYkcKlhSUkYRkyJyE8H3_fI,ChIJsRh_oFlSUkYRkBBHQUeoKcI,inf
ChIJuYkcKlhSUkYRkyJyE8H3_fI,ChIJ9cuitllSUkYRd6ZoiDSinIM,inf
ChIJuYkcKlhSUkYRkyJyE8H3_fI,ChIJk2Y2M1hSUkYR8cXNNRfosIY,7.6697638000753e-07
ChIJuYkcKlhSUkYRkyJyE8H3_fI,ChIJCy4tOFhSUkYRBiS5iJUrGnY,1.5652106699991204e-06
ChIJuYkcKlhSUkYRkyJyE8H3_fI,ChIJj1RhMlhSUkYRxwx00g4P0QE,inf
ChIJuYkcKlhSUkYRkyJyE8H3_fI,ChIJuYkcKlhSUkYRFPCipW5rTvU,inf
ChIJuYkcKlhSUkYRkyJyE8H3_fI,ChIJP6TdhFdSUkYRdrsWKXZMAs8,inf
ChIJuYkcKlhSUkYRkyJyE8H3_fI,ChIJf9Y9sFdSUkYRmaDEJhCweGc,inf
ChIJuYkcKlhSUkYRkyJyE8H3_fI,ChIJozaGTFZSUkYRNtWl2AGUPkI,inf
ChIJuYkcKlhSUkYRkyJyE8H3_fI,ChIJozaGTFZSUkYRjY7TpiWcsro,inf
ChIJuYkcKlhSUkYRkyJyE8H3_fI,ChIJr8hSvVdSUkYR9El_JWHKncY,inf
ChIJuYkcKlhSUkYRkyJyE8H3_fI,ChIJuYkcKlhSUkYRkyJyE8H3_fI,0
ChIJuYkcKlhSUkYRkyJyE8H3_fI,ChIJV02yLVhSUkYR5Urrpdyav5w,2.397633800049435e-07
ChIJuYkcKlhSUkYRkyJyE8H3_fI,ChIJI3hCtFlSUkYRPnfwEKyXdTk,1.9838860299745273e-06
ChIJuYkcKlhSUkYRkyJyE8H3_fI,ChIJOW51C1lSUkYRRv6n34W9-Zg,4.547182549982342e-06
ChIJuYkcKlhSUkYRkyJyE8H3_fI,ChIJj5kfbFlSUkYRcDRZTsny7_c,5.3335090399943465e-06
ChIJuYkcKlhSUkYRkyJyE8H3_fI,ChIJpyBCaFlSUkYR3LHwM6zxRjU,5.5019966099942895e-06
ChIJuYkcKlhSUkYRkyJyE8H3_fI,ChIJL3cdF1dSUkYRrSCPkRNdtPE,inf
ChIJuYkcKlhSUkYRkyJyE8H3_fI,ChIJgXdTbFdSUkYR33h2wlG_Zwk,inf
ChIJuYkcKlhSUkYRkyJyE8H3_fI,ChIJ64wzbldSUkYR5FeQ9EKDTkU,inf
ChIJuYkcKlhSUkYRkyJyE8H3_fI,ChIJ7feGfFdSUkYRmmsyva5Yh7g,inf
ChIJuYkcKlhSUkYRkyJyE8H3_fI,ChIJRwYQ1llSUkYRMKaZjz2gpdg,inf
ChIJuYkcKlhSUkYRkyJyE8H3_fI,ChIJmQYH01lSUkYRA5sfbpFn4ag,inf
ChIJuYkcKlhSUkYRkyJyE8H3_fI,ChIJaU2CalhSUkYR16Poj9gzgIw,2.5252813999993555e-06
ChIJuYkcKlhSUkYRkyJyE8H3_fI,ChIJt2H3cFhSUkYRAkkFfX87Bq8,4.5982444499939e-06
ChIJuYkcKlhSUkYRkyJyE8H3_fI,ChIJRZDreVhSUkYRo3ujslhgkNQ,inf
ChIJuYkcKlhSUkYRkyJyE8H3_fI,ChIJuRTCa1hSUkYRZctNq7Wpmys,inf
ChIJuYkcKlhSUkYRkyJyE8H3_fI,ChIJCy4tOFhSUkYR0RImuvsSO1g,inf
ChIJuYkcKlhSUkYRkyJyE8H3_fI,ChIJtYl80VlSUkYRHsPJ77_LXm8,1.2055089600127536e-06
ChIJuYkcKlhSUkYRkyJyE8H3_fI,ChIJwTS011lSUkYROOaIBw6_t6k,1.428945840014308e-06
ChIJuYkcKlhSUkYRkyJyE8H3_fI,ChIJ7-bcfFdSUkYRAi_D5VAiANk,1.6335981000100481e-06
ChIJuYkcKlhSUkYRkyJyE8H3_fI,ChIJb-LjZFdSUkYR0IQcqxmpIDY,1.7953839500141118e-06
ChIJuYkcKlhSUkYRkyJyE8H3_fI,ChIJBWUZb1dSUkYR0KDo40YbcFQ,2.0087764500111157e-06
ChIJV02yLVhSUkYR5Urrpdyav5w,ChIJDfnLZ1lSUkYRchF_if80LfE,inf
ChIJV02yLVhSUkYR5Urrpdyav5w,ChIJsRh_oFlSUkYRkBBHQUeoKcI,inf
ChIJV02yLVhSUkYR5Urrpdyav5w,ChIJ9cuitllSUkYRd6ZoiDSinIM,inf
ChIJV02yLVhSUkYR5Urrpdyav5w,ChIJk2Y2M1hSUkYR8cXNNRfosIY,5.272130000025865e-07
ChIJV02yLVhSUkYR5Urrpdyav5w,ChIJCy4tOFhSUkYRBiS5iJUrGnY,1.325447289994177e-06
ChIJV02yLVhSUkYR5Urrpdyav5w,ChIJj1RhMlhSUkYRxwx00g4P0QE,inf
ChIJV02yLVhSUkYR5Urrpdyav5w,ChIJuYkcKlhSUkYRFPCipW5rTvU,inf
ChIJV02yLVhSUkYR5Urrpdyav5w,ChIJP6TdhFdSUkYRdrsWKXZMAs8,inf
ChIJV02yLVhSUkYR5Urrpdyav5w,ChIJf9Y9sFdSUkYRmaDEJhCweGc,inf
ChIJV02yLVhSUkYR5Urrpdyav5w,ChIJozaGTFZSUkYRNtWl2AGUPkI,inf
ChIJV02yLVhSUkYR5Urrpdyav5w,ChIJozaGTFZSUkYRjY7TpiWcsro,inf
ChIJV02yLVhSUkYR5Urrpdyav5w,ChIJr8hSvVdSUkYR9El_JWHKncY,inf
ChIJV02yLVhSUkYR5Urrpdyav5w,ChIJuYkcKlhSUkYRkyJyE8H3_fI,inf
ChIJV02yLVhSUkYR5Urrpdyav5w,ChIJV02yLVhSUkYR5Urrpdyav5w,0
ChIJV02yLVhSUkYR5Urrpdyav5w,ChIJI3hCtFlSUkYRPnfwEKyXdTk,1.7441226499695838e-06
ChIJV02yLVhSUkYR5Urrpdyav5w,ChIJOW51C1lSUkYRRv6n34W9-Zg,4.307419169977398e-06
ChIJV02yLVhSUkYR5Urrpdyav5w,ChIJj5kfbFlSUkYRcDRZTsny7_c,5.093745659989403e-06
ChIJV02yLVhSUkYR5Urrpdyav5w,ChIJpyBCaFlSUkYR3LHwM6zxRjU,5.262233229989346e-06
ChIJV02yLVhSUkYR5Urrpdyav5w,ChIJL3cdF1dSUkYRrSCPkRNdtPE,inf
ChIJV02yLVhSUkYR5Urrpdyav5w,ChIJgXdTbFdSUkYR33h2wlG_Zwk,inf
ChIJV02yLVhSUkYR5Urrpdyav5w,ChIJ64wzbldSUkYR5FeQ9EKDTkU,inf
ChIJV02yLVhSUkYR5Urrpdyav5w,ChIJ7feGfFdSUkYRmmsyva5Yh7g,inf
ChIJV02yLVhSUkYR5Urrpdyav5w,ChIJRwYQ1llSUkYRMKaZjz2gpdg,inf
ChIJV02yLVhSUkYR5Urrpdyav5w,ChIJmQYH01lSUkYRA5sfbpFn4ag,inf
ChIJV02yLVhSUkYR5Urrpdyav5w,ChIJaU2CalhSUkYR16Poj9gzgIw,2.2855180199944122e-06
ChIJV02yLVhSUkYR5Urrpdyav5w,ChIJt2H3cFhSUkYRAkkFfX87Bq8,4.358481069988957e-06
ChIJV02yLVhSUkYR5Urrpdyav5w,ChIJRZDreVhSUkYRo3ujslhgkNQ,inf
ChIJV02yLVhSUkYR5Urrpdyav5w,ChIJuRTCa1hSUkYRZctNq7Wpmys,inf
ChIJV02yLVhSUkYR5Urrpdyav5w,ChIJCy4tOFhSUkYR0RImuvsSO1g,inf
ChIJV02yLVhSUkYR5Urrpdyav5w,ChIJtYl80VlSUkYRHsPJ77_LXm8,9.657455800078102e-07
ChIJV02yLVhSUkYR5Urrpdyav5w,ChIJwTS011lSUkYROOaIBw6_t6k,1.1891824600093645e-06
ChIJV02yLVhSUkYR5Urrpdyav5w,ChIJ7-bcfFdSUkYRAi_D5VAiANk,1.3938347200051047e-06
ChIJV02yLVhSUkYR5Urrpdyav5w,ChIJb-LjZFdSUkYR0IQcqxmpIDY,1.5556205700091683e-06
ChIJV02yLVhSUkYR5Urrpdyav5w,ChIJBWUZb1dSUkYR0KDo40YbcFQ,1.7690130700061722e-06
ChIJI3hCtFlSUkYRPnfwEKyXdTk,ChIJDfnLZ1lSUkYRchF_if80LfE,inf
ChIJI3hCtFlSUkYRPnfwEKyXdTk,ChIJsRh_oFlSUkYRkBBHQUeoKcI,inf
ChIJI3hCtFlSUkYRPnfwEKyXdTk,ChIJ9cuitllSUkYRd6ZoiDSinIM,inf
ChIJI3hCtFlSUkYRPnfwEKyXdTk,ChIJk2Y2M1hSUkYR8cXNNRfosIY,inf
ChIJI3hCtFlSUkYRPnfwEKyXdTk,ChIJCy4tOFhSUkYRBiS5iJUrGnY,inf
ChIJI3hCtFlSUkYRPnfwEKyXdTk,ChIJj1RhMlhSUkYRxwx00g4P0QE,inf
ChIJI3hCtFlSUkYRPnfwEKyXdTk,ChIJuYkcKlhSUkYRFPCipW5rTvU,inf
ChIJI3hCtFlSUkYRPnfwEKyXdTk,ChIJP6TdhFdSUkYRdrsWKXZMAs8,inf
ChIJI3hCtFlSUkYRPnfwEKyXdTk,ChIJf9Y9sFdSUkYRmaDEJhCweGc,inf
ChIJI3hCtFlSUkYRPnfwEKyXdTk,ChIJozaGTFZSUkYRNtWl2AGUPkI,inf
ChIJI3hCtFlSUkYRPnfwEKyXdTk,ChIJozaGTFZSUkYRjY7TpiWcsro,inf
ChIJI3hCtFlSUkYRPnfwEKyXdTk,ChIJr8hSvVdSUkYR9El_JWHKncY,inf
ChIJI3hCtFlSUkYRPnfwEKyXdTk,ChIJuYkcKlhSUkYRkyJyE8H3_fI,inf
ChIJI3hCtFlSUkYRPnfwEKyXdTk,ChIJV02yLVhSUkYR5Urrpdyav5w,inf
ChIJI3hCtFlSUkYRPnfwEKyXdTk,ChIJI3hCtFlSUkYRPnfwEKyXdTk,0
ChIJI3hCtFlSUkYRPnfwEKyXdTk,ChIJOW51C1lSUkYRRv6n34W9-Zg,2.563296520007814e-06
ChIJI3hCtFlSUkYRPnfwEKyXdTk,ChIJj5kfbFlSUkYRcDRZTsny7_c,3.3496230100198184e-06
ChIJI3hCtFlSUkYRPnfwEKyXdTk,ChIJpyBCaFlSUkYR3LHwM6zxRjU,3.518110580019761e-06
ChIJI3hCtFlSUkYRPnfwEKyXdTk,ChIJL3cdF1dSUkYRrSCPkRNdtPE,inf
ChIJI3hCtFlSUkYRPnfwEKyXdTk,ChIJgXdTbFdSUkYR33h2wlG_Zwk,inf
ChIJI3hCtFlSUkYRPnfwEKyXdTk,ChIJ64wzbldSUkYR5FeQ9EKDTkU,inf
ChIJI3hCtFlSUkYRPnfwEKyXdTk,ChIJ7feGfFdSUkYRmmsyva5Yh7g,inf
ChIJI3hCtFlSUkYRPnfwEKyXdTk,ChIJRwYQ1llSUkYRMKaZjz2gpdg,inf
ChIJI3hCtFlSUkYRPnfwEKyXdTk,ChIJmQYH01lSUkYRA5sfbpFn4ag,inf
ChIJI3hCtFlSUkYRPnfwEKyXdTk,ChIJaU2CalhSUkYR16Poj9gzgIw,inf
ChIJI3hCtFlSUkYRPnfwEKyXdTk,ChIJt2H3cFhSUkYRAkkFfX87Bq8,inf
ChIJI3hCtFlSUkYRPnfwEKyXdTk,ChIJRZDreVhSUkYRo3ujslhgkNQ,inf
ChIJI3hCtFlSUkYRPnfwEKyXdTk,ChIJuRTCa1hSUkYRZctNq7Wpmys,inf
ChIJI3hCtFlSUkYRPnfwEKyXdTk,ChIJCy4tOFhSUkYR0RImuvsSO1g,inf
ChIJI3hCtFlSUkYRPnfwEKyXdTk,ChIJtYl80VlSUkYRHsPJ77_LXm8,inf
ChIJI3hCtFlSUkYRPnfwEKyXdTk,ChIJwTS011lSUkYROOaIBw6_t6k,inf
ChIJI3hCtFlSUkYRPnfwEKyXdTk,ChIJ7-bcfFdSUkYRAi_D5VAiANk,inf
ChIJI3hCtFlSUkYRPnfwEKyXdTk,ChIJb-LjZFdSUkYR0IQcqxmpIDY,inf
ChIJI3hCtFlSUkYRPnfwEKyXdTk,ChIJBWUZb1dSUkYR0KDo40YbcFQ,inf
ChIJOW51C1lSUkYRRv6n34W9-Zg,ChIJDfnLZ1lSUkYRchF_if80LfE,inf
ChIJOW51C1lSUkYRRv6n34W9-Zg,ChIJsRh_oFlSUkYRkBBHQUeoKcI,inf
ChIJOW51C1lSUkYRRv6n34W9-Zg,ChIJ9cuitllSUkYRd6ZoiDSinIM,inf
ChIJOW51C1lSUkYRRv6n34W9-Zg,ChIJk2Y2M1hSUkYR8cXNNRfosIY,inf
ChIJOW51C1lSUkYRRv6n34W9-Zg,ChIJCy4tOFhSUkYRBiS5iJUrGnY,inf
ChIJOW51C1lSUkYRRv6n34W9-Zg,ChIJj1RhMlhSUkYRxwx00g4P0QE,inf
ChIJOW51C1lSUkYRRv6n34W9-Zg,ChIJuYkcKlhSUkYRFPCipW5rTvU,inf
ChIJOW51C1lSUkYRRv6n34W9-Zg,ChIJP6TdhFdSUkYRdrsWKXZMAs8,inf
ChIJOW51C1lSUkYRRv6n34W9-Zg,ChIJf9Y9sFdSUkYRmaDEJhCweGc,inf
ChIJOW51C1lSUkYRRv6n34W9-Zg,ChIJozaGTFZSUkYRNtWl2AGUPkI,inf
ChIJOW51C1lSUkYRRv6n34W9-Zg,ChIJozaGTFZSUkYRjY7TpiWcsro,inf
ChIJOW51C1lSUkYRRv6n34W9-Zg,ChIJr8hSvVdSUkYR9El_JWHKncY,inf
ChIJOW51C1lSUkYRRv6n34W9-Zg,ChIJuYkcKlhSUkYRkyJyE8H3_fI,inf
ChIJOW51C1lSUkYRRv6n34W9-Zg,ChIJV02yLVhSUkYR5Urrpdyav5w,inf
ChIJOW51C1lSUkYRRv6n34W9-Zg,ChIJI3hCtFlSUkYRPnfwEKyXdTk,inf
ChIJOW51C1lSUkYRRv6n34W9-Zg,ChIJOW51C1lSUkYRRv6n34W9-Zg,0
ChIJOW51C1lSUkYRRv6n34W9-Zg,ChIJj5kfbFlSUkYRcDRZTsny7_c,7.863264900120045e-07
ChIJOW51C1lSUkYRRv6n34W9-Zg,ChIJpyBCaFlSUkYR3LHwM6zxRjU,9.54814060011947e-07
ChIJOW51C1lSUkYRRv6n34W9-Zg,ChIJL3cdF1dSUkYRrSCPkRNdtPE,inf
ChIJOW51C1lSUkYRRv6n34W9-Zg,ChIJgXdTbFdSUkYR33h2wlG_Zwk,inf
ChIJOW51C1lSUkYRRv6n34W9-Zg,ChIJ64wzbldSUkYR5FeQ9EKDTkU,inf
ChIJOW51C1lSUkYRRv6n34W9-Zg,ChIJ7feGfFdSUkYRmmsyva5Yh7g,inf
ChIJOW51C1lSUkYRRv6n34W9-Zg,ChIJRwYQ1llSUkYRMKaZjz2gpdg,inf
ChIJOW51C1lSUkYRRv6n34W9-Zg,ChIJmQYH01lSUkYRA5sfbpFn4ag,inf
ChIJOW51C1lSUkYRRv6n34W9-Zg,ChIJaU2CalhSUkYR16Poj9gzgIw,inf
ChIJOW51C1lSUkYRRv6n34W9-Zg,ChIJt2H3cFhSUkYRAkkFfX87Bq8,inf
ChIJOW51C1lSUkYRRv6n34W9-Zg,ChIJRZDreVhSUkYRo3ujslhgkNQ,inf
ChIJOW51C1lSUkYRRv6n34W9-Zg,ChIJuRTCa1hSUkYRZctNq7Wpmys,inf
ChIJOW51C1lSUkYRRv6n34W9-Zg,ChIJCy4tOFhSUkYR0RImuvsSO1g,inf
ChIJOW51C1lSUkYRRv6n34W9-Zg,ChIJtYl80VlSUkYRHsPJ77_LXm8,inf
ChIJOW51C1lSUkYRRv6n34W9-Zg,ChIJwTS011lSUkYROOaIBw6_t6k,inf
ChIJOW51C1lSUkYRRv6n34W9-Zg,ChIJ7-bcfFdSUkYRAi_D5VAiANk,inf
ChIJOW51C1lSUkYRRv6n34W9-Zg,ChIJb-LjZFdSUkYR0IQcqxmpIDY,inf
ChIJOW51C1lSUkYRRv6n34W9-Zg,ChIJBWUZb1dSUkYR0KDo40YbcFQ,inf
ChIJj5kfbFlSUkYRcDRZTsny7_c,ChIJDfnLZ1lSUkYRchF_if80LfE,inf
ChIJj5kfbFlSUkYRcDRZTsny7_c,ChIJsRh_oFlSUkYRkBBHQUeoKcI,inf
ChIJj5kfbFlSUkYRcDRZTsny7_c,ChIJ9cuitllSUkYRd6ZoiDSinIM,inf
ChIJj5kfbFlSUkYRcDRZTsny7_c,ChIJk2Y2M1hSUkYR8cXNNRfosIY,inf
ChIJj5kfbFlSUkYRcDRZTsny7_c,ChIJCy4tOFhSUkYRBiS5iJUrGnY,inf
ChIJj5kfbFlSUkYRcDRZTsny7_c,ChIJj1RhMlhSUkYRxwx00g4P0QE,inf
ChIJj5kfbFlSUkYRcDRZTsny7_c,ChIJuYkcKlhSUkYRFPCipW5rTvU,inf
ChIJj5kfbFlSUkYRcDRZTsny7_c,ChIJP6TdhFdSUkYRdrsWKXZMAs8,inf
ChIJj5kfbFlSUkYRcDRZTsny7_c,ChIJf9Y9sFdSUkYRmaDEJhCweGc,inf
ChIJj5kfbFlSUkYRcDRZTsny7_c,ChIJozaGTFZSUkYRNtWl2AGUPkI,inf
ChIJj5kfbFlSUkYRcDRZTsny7_c,ChIJozaGTFZSUkYRjY7TpiWcsro,inf
ChIJj5kfbFlSUkYRcDRZTsny7_c,ChIJr8hSvVdSUkYR9El_JWHKncY,inf
ChIJj5kfbFlSUkYRcDRZTsny7_c,ChIJuYkcKlhSUkYRkyJyE8H3_fI,inf
ChIJj5kfbFlSUkYRcDRZTsny7_c,ChIJV02yLVhSUkYR5Urrpdyav5w,inf
ChIJj5kfbFlSUkYRcDRZTsny7_c,ChIJI3hCtFlSUkYRPnfwEKyXdTk,inf
ChIJj5kfbFlSUkYRcDRZTsny7_c,ChIJOW51C1lSUkYRRv6n34W9-Zg,inf
ChIJj5kfbFlSUkYRcDRZTsny7_c,ChIJj5kfbFlSUkYRcDRZTsny7_c,0
ChIJj5kfbFlSUkYRcDRZTsny7_c,ChIJpyBCaFlSUkYR3LHwM6zxRjU,1.6848756999994263e-07
ChIJj5kfbFlSUkYRcDRZTsny7_c,ChIJL3cdF1dSUkYRrSCPkRNdtPE,inf
ChIJj5kfbFlSUkYRcDRZTsny7_c,ChIJgXdTbFdSUkYR33h2wlG_Zwk,inf
ChIJj5kfbFlSUkYRcDRZTsny7_c,ChIJ64wzbldSUkYR5FeQ9EKDTkU,inf
ChIJj5kfbFlSUkYRcDRZTsny7_c,ChIJ7feGfFdSUkYRmmsyva5Yh7g,inf
ChIJj5kfbFlSUkYRcDRZTsny7_c,ChIJRwYQ1llSUkYRMKaZjz2gpdg,inf
ChIJj5kfbFlSUkYRcDRZTsny7_c,ChIJmQYH01lSUkYRA5sfbpFn4ag,inf
ChIJj5kfbFlSUkYRcDRZTsny7_c,ChIJaU2CalhSUkYR16Poj9gzgIw,inf
ChIJj5kfbFlSUkYRcDRZTsny7_c,ChIJt2H3cFhSUkYRAkkFfX87Bq8,inf
ChIJj5kfbFlSUkYRcDRZTsny7_c,ChIJRZDreVhSUkYRo3ujslhgkNQ,inf
ChIJj5kfbFlSUkYRcDRZTsny7_c,ChIJuRTCa1hSUkYRZctNq7Wpmys,inf
ChIJj5kfbFlSUkYRcDRZTsny7_c,ChIJCy4tOFhSUkYR0RImuvsSO1g,inf
ChIJj5kfbFlSUkYRcDRZTsny7_c,ChIJtYl80VlSUkYRHsPJ77_LXm8,inf
ChIJj5kfbFlSUkYRcDRZTsny7_c,ChIJwTS011lSUkYROOaIBw6_t6k,inf
ChIJj5kfbFlSUkYRcDRZTsny7_c,ChIJ7-bcfFdSUkYRAi_D5VAiANk,inf
ChIJj5kfbFlSUkYRcDRZTsny7_c,ChIJb-LjZFdSUkYR0IQcqxmpIDY,inf
ChIJj5kfbFlSUkYRcDRZTsny7_c,ChIJBWUZb1dSUkYR0KDo40YbcFQ,inf
ChIJpyBCaFlSUkYR3LHwM6zxRjU,ChIJDfnLZ1lSUkYRchF_if80LfE,inf
ChIJpyBCaFlSUkYR3LHwM6zxRjU,ChIJsRh_oFlSUkYRkBBHQUeoKcI,inf
ChIJpyBCaFlSUkYR3LHwM6zxRjU,ChIJ9cuitllSUkYRd6ZoiDSinIM,inf
ChIJpyBCaFlSUkYR3LHwM6zxRjU,ChIJk2Y2M1hSUkYR8cXNNRfosIY,inf
ChIJpyBCaFlSUkYR3LHwM6zxRjU,ChIJCy4tOFhSUkYRBiS5iJUrGnY,inf
ChIJpyBCaFlSUkYR3LHwM6zxRjU,ChIJj1RhMlhSUkYRxwx00g4P0QE,inf
ChIJpyBCaFlSUkYR3LHwM6zxRjU,ChIJuYkcKlhSUkYRFPCipW5rTvU,inf
ChIJpyBCaFlSUkYR3LHwM6zxRjU,ChIJP6TdhFdSUkYRdrsWKXZMAs8,inf
ChIJpyBCaFlSUkYR3LHwM6zxRjU,ChIJf9Y9sFdSUkYRmaDEJhCweGc,inf
ChIJpyBCaFlSUkYR3LHwM6zxRjU,ChIJozaGTFZSUkYRNtWl2AGUPkI,inf
ChIJpyBCaFlSUkYR3LHwM6zxRjU,ChIJozaGTFZSUkYRjY7TpiWcsro,inf
ChIJpyBCaFlSUkYR3LHwM6zxRjU,ChIJr8hSvVdSUkYR9El_JWHKncY,inf
ChIJpyBCaFlSUkYR3LHwM6zxRjU,ChIJuYkcKlhSUkYRkyJyE8H3_fI,inf
ChIJpyBCaFlSUkYR3LHwM6zxRjU,ChIJV02yLVhSUkYR5Urrpdyav5w,inf
ChIJpyBCaFlSUkYR3LHwM6zxRjU,ChIJI3hCtFlSUkYRPnfwEKyXdTk,inf
ChIJpyBCaFlSUkYR3LHwM6zxRjU,ChIJOW51C1lSUkYRRv6n34W9-Zg,inf
ChIJpyBCaFlSUkYR3LHwM6zxRjU,ChIJj5kfbFlSUkYRcDRZTsny7_c,inf
ChIJpyBCaFlSUkYR3LHwM6zxRjU,ChIJpyBCaFlSUkYR3LHwM6zxRjU,0
ChIJpyBCaFlSUkYR3LHwM6zxRjU,ChIJL3cdF1dSUkYRrSCPkRNdtPE,inf
ChIJpyBCaFlSUkYR3LHwM6zxRjU,ChIJgXdTbFdSUkYR33h2wlG_Zwk,inf
ChIJpyBCaFlSUkYR3LHwM6zxRjU,ChIJ64wzbldSUkYR5FeQ9EKDTkU,inf
ChIJpyBCaFlSUkYR3LHwM6zxRjU,ChIJ7feGfFdSUkYRmmsyva5Yh7g,inf
ChIJpyBCaFlSUkYR3LHwM6zxRjU,ChIJRwYQ1llSUkYRMKaZjz2gpdg,inf
ChIJpyBCaFlSUkYR3LHwM6zxRjU,ChIJmQYH01lSUkYRA5sfbpFn4ag,inf
ChIJpyBCaFlSUkYR3LHwM6zxRjU,ChIJaU2CalhSUkYR16Poj9gzgIw,inf
ChIJpyBCaFlSUkYR3LHwM6zxRjU,ChIJt2H3cFhSUkYRAkkFfX87Bq8,inf
ChIJpyBCaFlSUkYR3LHwM6zxRjU,ChIJRZDreVhSUkYRo3ujslhgkNQ,inf
ChIJpyBCaFlSUkYR3LHwM6zxRjU,ChIJuRTCa1hSUkYRZctNq7Wpmys,inf
ChIJpyBCaFlSUkYR3LHwM6zxRjU,ChIJCy4tOFhSUkYR0RImuvsSO1g,inf
ChIJpyBCaFlSUkYR3LHwM6zxRjU,ChIJtYl80VlSUkYRHsPJ77_LXm8,inf
ChIJpyBCaFlSUkYR3LHwM6zxRjU,ChIJwTS011lSUkYROOaIBw6_t6k,inf
ChIJpyBCaFlSUkYR3LHwM6zxRjU,ChIJ7-bcfFdSUkYRAi_D5VAiANk,inf
ChIJpyBCaFlSUkYR3LHwM6zxRjU,ChIJb-LjZFdSUkYR0IQcqxmpIDY,inf
ChIJpyBCaFlSUkYR3LHwM6zxRjU,ChIJBWUZb1dSUkYR0KDo40YbcFQ,inf
ChIJL3cdF1dSUkYRrSCPkRNdtPE,ChIJDfnLZ1lSUkYRchF_if80LfE,inf
ChIJL3cdF1dSUkYRrSCPkRNdtPE,ChIJsRh_oFlSUkYRkBBHQUeoKcI,inf
ChIJL3cdF1dSUkYRrSCPkRNdtPE,ChIJ9cuitllSUkYRd6ZoiDSinIM,inf
ChIJL3cdF1dSUkYRrSCPkRNdtPE,ChIJk2Y2M1hSUkYR8cXNNRfosIY,inf
ChIJL3cdF1dSUkYRrSCPkRNdtPE,ChIJCy4tOFhSUkYRBiS5iJUrGnY,6.186509299999406e-06
ChIJL3cdF1dSUkYRrSCPkRNdtPE,ChIJj1RhMlhSUkYRxwx00g4P0QE,2.5967753299807477e-06
ChIJL3cdF1dSUkYRrSCPkRNdtPE,ChIJuYkcKlhSUkYRFPCipW5rTvU,2.7627693299817727e-06
ChIJL3cdF1dSUkYRrSCPkRNdtPE,ChIJP6TdhFdSUkYRdrsWKXZMAs8,3.3195384699777185e-06
ChIJL3cdF1dSUkYRrSCPkRNdtPE,ChIJf9Y9sFdSUkYRmaDEJhCweGc,5.469221959987658e-06
ChIJL3cdF1dSUkYRrSCPkRNdtPE,ChIJozaGTFZSUkYRNtWl2AGUPkI,6.144209969994e-06
ChIJL3cdF1dSUkYRrSCPkRNdtPE,ChIJozaGTFZSUkYRjY7TpiWcsro,inf
ChIJL3cdF1dSUkYRrSCPkRNdtPE,ChIJr8hSvVdSUkYR9El_JWHKncY,inf
ChIJL3cdF1dSUkYRrSCPkRNdtPE,ChIJuYkcKlhSUkYRkyJyE8H3_fI,inf
ChIJL3cdF1dSUkYRrSCPkRNdtPE,ChIJV02yLVhSUkYR5Urrpdyav5w,inf
ChIJL3cdF1dSUkYRrSCPkRNdtPE,ChIJI3hCtFlSUkYRPnfwEKyXdTk,4.3334166399933916e-06
ChIJL3cdF1dSUkYRrSCPkRNdtPE,ChIJOW51C1lSUkYRRv6n34W9-Zg,6.896713160001205e-06
ChIJL3cdF1dSUkYRrSCPkRNdtPE,ChIJj5kfbFlSUkYRcDRZTsny7_c,7.68303965001321e-06
ChIJL3cdF1dSUkYRrSCPkRNdtPE,ChIJpyBCaFlSUkYR3LHwM6zxRjU,7.851527220013152e-06
ChIJL3cdF1dSUkYRrSCPkRNdtPE,ChIJL3cdF1dSUkYRrSCPkRNdtPE,0
ChIJL3cdF1dSUkYRrSCPkRNdtPE,ChIJgXdTbFdSUkYR33h2wlG_Zwk,9.85290119987892e-07
ChIJL3cdF1dSUkYRrSCPkRNdtPE,ChIJ64wzbldSUkYR5FeQ9EKDTkU,1.1630503299907802e-06
ChIJL3cdF1dSUkYRrSCPkRNdtPE,ChIJ7feGfFdSUkYRmmsyva5Yh7g,1.7740318999913803e-06
ChIJL3cdF1dSUkYRrSCPkRNdtPE,ChIJRwYQ1llSUkYRMKaZjz2gpdg,2.0183582999905615e-06
ChIJL3cdF1dSUkYRrSCPkRNdtPE,ChIJmQYH01lSUkYRA5sfbpFn4ag,2.408063599981856e-06
ChIJL3cdF1dSUkYRrSCPkRNdtPE,ChIJaU2CalhSUkYR16Poj9gzgIw,7.146580029999641e-06
ChIJL3cdF1dSUkYRrSCPkRNdtPE,ChIJt2H3cFhSUkYRAkkFfX87Bq8,9.219543079994186e-06
ChIJL3cdF1dSUkYRrSCPkRNdtPE,ChIJRZDreVhSUkYRo3ujslhgkNQ,inf
ChIJL3cdF1dSUkYRrSCPkRNdtPE,ChIJuRTCa1hSUkYRZctNq7Wpmys,inf
ChIJL3cdF1dSUkYRrSCPkRNdtPE,ChIJCy4tOFhSUkYR0RImuvsSO1g,inf
ChIJL3cdF1dSUkYRrSCPkRNdtPE,ChIJtYl80VlSUkYRHsPJ77_LXm8,inf
ChIJL3cdF1dSUkYRrSCPkRNdtPE,ChIJwTS011lSUkYROOaIBw6_t6k,inf
ChIJL3cdF1dSUkYRrSCPkRNdtPE,ChIJ7-bcfFdSUkYRAi_D5VAiANk,inf
ChIJL3cdF1dSUkYRrSCPkRNdtPE,ChIJb-LjZFdSUkYR0IQcqxmpIDY,inf
ChIJL3cdF1dSUkYRrSCPkRNdtPE,ChIJBWUZb1dSUkYR0KDo40YbcFQ,inf
ChIJgXdTbFdSUkYR33h2wlG_Zwk,ChIJDfnLZ1lSUkYRchF_if80LfE,inf
ChIJgXdTbFdSUkYR33h2wlG_Zwk,ChIJsRh_oFlSUkYRkBBHQUeoKcI,inf
ChIJgXdTbFdSUkYR33h2wlG_Zwk,ChIJ9cuitllSUkYRd6ZoiDSinIM,inf
ChIJgXdTbFdSUkYR33h2wlG_Zwk,ChIJk2Y2M1hSUkYR8cXNNRfosIY,inf
ChIJgXdTbFdSUkYR33h2wlG_Zwk,ChIJCy4tOFhSUkYRBiS5iJUrGnY,5.201219180011514e-06
ChIJgXdTbFdSUkYR33h2wlG_Zwk,ChIJj1RhMlhSUkYRxwx00g4P0QE,1.6114852099928562e-06
ChIJgXdTbFdSUkYR33h2wlG_Zwk,ChIJuYkcKlhSUkYRFPCipW5rTvU,1.7774792099938814e-06
ChIJgXdTbFdSUkYR33h2wlG_Zwk,ChIJP6TdhFdSUkYRdrsWKXZMAs8,2.334248349989827e-06
ChIJgXdTbFdSUkYR33h2wlG_Zwk,ChIJf9Y9sFdSUkYRmaDEJhCweGc,4.483931839999767e-06
ChIJgXdTbFdSUkYR33h2wlG_Zwk,ChIJozaGTFZSUkYRNtWl2AGUPkI,5.1589198500061085e-06
ChIJgXdTbFdSUkYR33h2wlG_Zwk,ChIJozaGTFZSUkYRjY7TpiWcsro,inf
ChIJgXdTbFdSUkYR33h2wlG_Zwk,ChIJr8hSvVdSUkYR9El_JWHKncY,inf
ChIJgXdTbFdSUkYR33h2wlG_Zwk,ChIJuYkcKlhSUkYRkyJyE8H3_fI,inf
ChIJgXdTbFdSUkYR33h2wlG_Zwk,ChIJV02yLVhSUkYR5Urrpdyav5w,inf
ChIJgXdTbFdSUkYR33h2wlG_Zwk,ChIJI3hCtFlSUkYRPnfwEKyXdTk,3.3481265200055e-06
ChIJgXdTbFdSUkYR33h2wlG_Zwk,ChIJOW51C1lSUkYRRv6n34W9-Zg,5.911423040013314e-06
ChIJgXdTbFdSUkYR33h2wlG_Zwk,ChIJj5kfbFlSUkYRcDRZTsny7_c,6.697749530025319e-06
ChIJgXdTbFdSUkYR33h2wlG_Zwk,ChIJpyBCaFlSUkYR3LHwM6zxRjU,6.866237100025262e-06
ChIJgXdTbFdSUkYR33h2wlG_Zwk,ChIJL3cdF1dSUkYRrSCPkRNdtPE,inf
ChIJgXdTbFdSUkYR33h2wlG_Zwk,ChIJgXdTbFdSUkYR33h2wlG_Zwk,0
ChIJgXdTbFdSUkYR33h2wlG_Zwk,ChIJ64wzbldSUkYR5FeQ9EKDTkU,1.7776021000288822e-07
ChIJgXdTbFdSUkYR33h2wlG_Zwk,ChIJ7feGfFdSUkYRmmsyva5Yh7g,7.887417800034884e-07
ChIJgXdTbFdSUkYR33h2wlG_Zwk,ChIJRwYQ1llSUkYRMKaZjz2gpdg,1.0330681800026697e-06
ChIJgXdTbFdSUkYR33h2wlG_Zwk,ChIJmQYH01lSUkYRA5sfbpFn4ag,1.4227734799939646e-06
ChIJgXdTbFdSUkYR33h2wlG_Zwk,ChIJaU2CalhSUkYR16Poj9gzgIw,6.161289910011749e-06
ChIJgXdTbFdSUkYR33h2wlG_Zwk,ChIJt2H3cFhSUkYRAkkFfX87Bq8,8.234252960006294e-06
ChIJgXdTbFdSUkYR33h2wlG_Zwk,ChIJRZDreVhSUkYRo3ujslhgkNQ,inf
ChIJgXdTbFdSUkYR33h2wlG_Zwk,ChIJuRTCa1hSUkYRZctNq7Wpmys,inf
ChIJgXdTbFdSUkYR33h2wlG_Zwk,ChIJCy4tOFhSUkYR0RImuvsSO1g,inf
ChIJgXdTbFdSUkYR33h2wlG_Zwk,ChIJtYl80VlSUkYRHsPJ77_LXm8,inf
ChIJgXdTbFdSUkYR33h2wlG_Zwk,ChIJwTS011lSUkYROOaIBw6_t6k,inf
ChIJgXdTbFdSUkYR33h2wlG_Zwk,ChIJ7-bcfFdSUkYRAi_D5VAiANk,inf
ChIJgXdTbFdSUkYR33h2wlG_Zwk,ChIJb-LjZFdSUkYR0IQcqxmpIDY,inf
ChIJgXdTbFdSUkYR33h2wlG_Zwk,ChIJBWUZb1dSUkYR0KDo40YbcFQ,inf
ChIJ64wzbldSUkYR5FeQ9EKDTkU,ChIJDfnLZ1lSUkYRchF_if80LfE,inf
ChIJ64wzbldSUkYR5FeQ9EKDTkU,ChIJsRh_oFlSUkYRkBBHQUeoKcI,inf
ChIJ64wzbldSUkYR5FeQ9EKDTkU,ChIJ9cuitllSUkYRd6ZoiDSinIM,inf
ChIJ64wzbldSUkYR5FeQ9EKDTkU,ChIJk2Y2M1hSUkYR8cXNNRfosIY,inf
ChIJ64wzbldSUkYR5FeQ9EKDTkU,ChIJCy4tOFhSUkYRBiS5iJUrGnY,5.023458970008626e-06
ChIJ64wzbldSUkYR5FeQ9EKDTkU,ChIJj1RhMlhSUkYRxwx00g4P0QE,1.4337249999899677e-06
ChIJ64wzbldSUkYR5FeQ9EKDTkU,ChIJuYkcKlhSUkYRFPCipW5rTvU,1.5997189999909929e-06
ChIJ64wzbldSUkYR5FeQ9EKDTkU,ChIJP6TdhFdSUkYRdrsWKXZMAs8,2.156488139986939e-06
ChIJ64wzbldSUkYR5FeQ9EKDTkU,ChIJf9Y9sFdSUkYRmaDEJhCweGc,4.306171629996879e-06
ChIJ64wzbldSUkYR5FeQ9EKDTkU,ChIJozaGTFZSUkYRNtWl2AGUPkI,4.981159640003221e-06
ChIJ64wzbldSUkYR5FeQ9EKDTkU,ChIJozaGTFZSUkYRjY7TpiWcsro,inf
ChIJ64wzbldSUkYR5FeQ9EKDTkU,ChIJr8hSvVdSUkYR9El_JWHKncY,inf
ChIJ64wzbldSUkYR5FeQ9EKDTkU,ChIJuYkcKlhSUkYRkyJyE8H3_fI,inf
ChIJ64wzbldSUkYR5FeQ9EKDTkU,ChIJV02yLVhSUkYR5Urrpdyav5w,inf
ChIJ64wzbldSUkYR5FeQ9EKDTkU,ChIJI3hCtFlSUkYRPnfwEKyXdTk,3.1703663100026115e-06
ChIJ64wzbldSUkYR5FeQ9EKDTkU,ChIJOW51C1lSUkYRRv6n34W9-Zg,5.733662830010426e-06
ChIJ64wzbldSUkYR5FeQ9EKDTkU,ChIJj5kfbFlSUkYRcDRZTsny7_c,6.519989320022431e-06
ChIJ64wzbldSUkYR5FeQ9EKDTkU,ChIJpyBCaFlSUkYR3LHwM6zxRjU,6.688476890022374e-06
ChIJ64wzbldSUkYR5FeQ9EKDTkU,ChIJL3cdF1dSUkYRrSCPkRNdtPE,inf
ChIJ64wzbldSUkYR5FeQ9EKDTkU,ChIJgXdTbFdSUkYR33h2wlG_Zwk,inf
ChIJ64wzbldSUkYR5FeQ9EKDTkU,ChIJ64wzbldSUkYR5FeQ9EKDTkU,0
ChIJ64wzbldSUkYR5FeQ9EKDTkU,ChIJ7feGfFdSUkYRmmsyva5Yh7g,6.109815700006001e-07
ChIJ64wzbldSUkYR5FeQ9EKDTkU,ChIJRwYQ1llSUkYRMKaZjz2gpdg,8.553079699997815e-07
ChIJ64wzbldSUkYR5FeQ9EKDTkU,ChIJmQYH01lSUkYRA5sfbpFn4ag,1.245013269991076e-06
ChIJ64wzbldSUkYR5FeQ9EKDTkU,ChIJaU2CalhSUkYR16Poj9gzgIw,5.983529700008861e-06
ChIJ64wzbldSUkYR5FeQ9EKDTkU,ChIJt2H3cFhSUkYRAkkFfX87Bq8,8.056492750003405e-06
ChIJ64wzbldSUkYR5FeQ9EKDTkU,ChIJRZDreVhSUkYRo3ujslhgkNQ,inf
ChIJ64wzbldSUkYR5FeQ9EKDTkU,ChIJuRTCa1hSUkYRZctNq7Wpmys,inf
ChIJ64wzbldSUkYR5FeQ9EKDTkU,ChIJCy4tOFhSUkYR0RImuvsSO1g,inf
ChIJ64wzbldSUkYR5FeQ9EKDTkU,ChIJtYl80VlSUkYRHsPJ77_LXm8,inf
ChIJ64wzbldSUkYR5FeQ9EKDTkU,ChIJwTS011lSUkYROOaIBw6_t6k,inf
ChIJ64wzbldSUkYR5FeQ9EKDTkU,ChIJ7-bcfFdSUkYRAi_D5VAiANk,inf
ChIJ64wzbldSUkYR5FeQ9EKDTkU,ChIJb-LjZFdSUkYR0IQcqxmpIDY,inf
ChIJ64wzbldSUkYR5FeQ9EKDTkU,ChIJBWUZb1dSUkYR0KDo40YbcFQ,inf
ChIJ7feGfFdSUkYRmmsyva5Yh7g,ChIJDfnLZ1lSUkYRchF_if80LfE,inf
ChIJ7feGfFdSUkYRmmsyva5Yh7g,ChIJsRh_oFlSUkYRkBBHQUeoKcI,inf
ChIJ7feGfFdSUkYRmmsyva5Yh7g,ChIJ9cuitllSUkYRd6ZoiDSinIM,inf
ChIJ7feGfFdSUkYRmmsyva5Yh7g,ChIJk2Y2M1hSUkYR8cXNNRfosIY,inf
ChIJ7feGfFdSUkYRmmsyva5Yh7g,ChIJCy4tOFhSUkYRBiS5iJUrGnY,4.4124774000080255e-06
ChIJ7feGfFdSUkYRmmsyva5Yh7g,ChIJj1RhMlhSUkYRxwx00g4P0QE,8.227434299893676e-07
ChIJ7feGfFdSUkYRmmsyva5Yh7g,ChIJuYkcKlhSUkYRFPCipW5rTvU,9.887374299903927e-07
ChIJ7feGfFdSUkYRmmsyva5Yh7g,ChIJP6TdhFdSUkYRdrsWKXZMAs8,1.5455065699863386e-06
ChIJ7feGfFdSUkYRmmsyva5Yh7g,ChIJf9Y9sFdSUkYRmaDEJhCweGc,3.6951900599962787e-06
ChIJ7feGfFdSUkYRmmsyva5Yh7g,ChIJozaGTFZSUkYRNtWl2AGUPkI,4.37017807000262e-06
ChIJ7feGfFdSUkYRmmsyva5Yh7g,ChIJozaGTFZSUkYRjY7TpiWcsro,inf
ChIJ7feGfFdSUkYRmmsyva5Yh7g,ChIJr8hSvVdSUkYR9El_JWHKncY,inf
ChIJ7feGfFdSUkYRmmsyva5Yh7g,ChIJuYkcKlhSUkYRkyJyE8H3_fI,inf
ChIJ7feGfFdSUkYRmmsyva5Yh7g,ChIJV02yLVhSUkYR5Urrpdyav5w,inf
ChIJ7feGfFdSUkYRmmsyva5Yh7g,ChIJI3hCtFlSUkYRPnfwEKyXdTk,2.5593847400020114e-06
ChIJ7feGfFdSUkYRmmsyva5Yh7g,ChIJOW51C1lSUkYRRv6n34W9-Zg,5.122681260009825e-06
ChIJ7feGfFdSUkYRmmsyva5Yh7g,ChIJj5kfbFlSUkYRcDRZTsny7_c,5.90900775002183e-06
ChIJ7feGfFdSUkYRmmsyva5Yh7g,ChIJpyBCaFlSUkYR3LHwM6zxRjU,6.077495320021773e-06
ChIJ7feGfFdSUkYRmmsyva5Yh7g,ChIJL3cdF1dSUkYRrSCPkRNdtPE,inf
ChIJ7feGfFdSUkYRmmsyva5Yh7g,ChIJgXdTbFdSUkYR33h2wlG_Zwk,inf
ChIJ7feGfFdSUkYRmmsyva5Yh7g,ChIJ64wzbldSUkYR5FeQ9EKDTkU,inf
ChIJ7feGfFdSUkYRmmsyva5Yh7g,ChIJ7feGfFdSUkYRmmsyva5Yh7g,0
ChIJ7feGfFdSUkYRmmsyva5Yh7g,ChIJRwYQ1llSUkYRMKaZjz2gpdg,2.443263999991813e-07
ChIJ7feGfFdSUkYRmmsyva5Yh7g,ChIJmQYH01lSUkYRA5sfbpFn4ag,6.340316999904761e-07
ChIJ7feGfFdSUkYRmmsyva5Yh7g,ChIJaU2CalhSUkYR16Poj9gzgIw,5.372548130008261e-06
ChIJ7feGfFdSUkYRmmsyva5Yh7g,ChIJt2H3cFhSUkYRAkkFfX87Bq8,7.445511180002806e-06
ChIJ7feGfFdSUkYRmmsyva5Yh7g,ChIJRZDreVhSUkYRo3ujslhgkNQ,inf
ChIJ7feGfFdSUkYRmmsyva5Yh7g,ChIJuRTCa1hSUkYRZctNq7Wpmys,inf
ChIJ7feGfFdSUkYRmmsyva5Yh7g,ChIJCy4tOFhSUkYR0RImuvsSO1g,inf
ChIJ7feGfFdSUkYRmmsyva5Yh7g,ChIJtYl80VlSUkYRHsPJ77_LXm8,inf
ChIJ7feGfFdSUkYRmmsyva5Yh7g,ChIJwTS011lSUkYROOaIBw6_t6k,inf
ChIJ7feGfFdSUkYRmmsyva5Yh7g,ChIJ7-bcfFdSUkYRAi_D5VAiANk,inf
ChIJ7feGfFdSUkYRmmsyva5Yh7g,ChIJb-LjZFdSUkYR0IQcqxmpIDY,inf
ChIJ7feGfFdSUkYRmmsyva5Yh7g,ChIJBWUZb1dSUkYR0KDo40YbcFQ,inf
ChIJRwYQ1llSUkYRMKaZjz2gpdg,ChIJDfnLZ1lSUkYRchF_if80LfE,inf
ChIJRwYQ1llSUkYRMKaZjz2gpdg,ChIJsRh_oFlSUkYRkBBHQUeoKcI,inf
ChIJRwYQ1llSUkYRMKaZjz2gpdg,ChIJ9cuitllSUkYRd6ZoiDSinIM,inf
ChIJRwYQ1llSUkYRMKaZjz2gpdg,ChIJk2Y2M1hSUkYR8cXNNRfosIY,inf
ChIJRwYQ1llSUkYRMKaZjz2gpdg,ChIJCy4tOFhSUkYRBiS5iJUrGnY,4.168151000008844e-06
ChIJRwYQ1llSUkYRMKaZjz2gpdg,ChIJj1RhMlhSUkYRxwx00g4P0QE,5.784170299901863e-07
ChIJRwYQ1llSUkYRMKaZjz2gpdg,ChIJuYkcKlhSUkYRFPCipW5rTvU,7.444110299912114e-07
ChIJRwYQ1llSUkYRMKaZjz2gpdg,ChIJP6TdhFdSUkYRdrsWKXZMAs8,1.3011801699871573e-06
ChIJRwYQ1llSUkYRMKaZjz2gpdg,ChIJf9Y9sFdSUkYRmaDEJhCweGc,3.4508636599970974e-06
ChIJRwYQ1llSUkYRMKaZjz2gpdg,ChIJozaGTFZSUkYRNtWl2AGUPkI,4.125851670003439e-06
ChIJRwYQ1llSUkYRMKaZjz2gpdg,ChIJozaGTFZSUkYRjY7TpiWcsro,inf
ChIJRwYQ1llSUkYRMKaZjz2gpdg,ChIJr8hSvVdSUkYR9El_JWHKncY,inf
ChIJRwYQ1llSUkYRMKaZjz2gpdg,ChIJuYkcKlhSUkYRkyJyE8H3_fI,inf
ChIJRwYQ1llSUkYRMKaZjz2gpdg,ChIJV02yLVhSUkYR5Urrpdyav5w,inf
ChIJRwYQ1llSUkYRMKaZjz2gpdg,ChIJI3hCtFlSUkYRPnfwEKyXdTk,2.31505834000283e-06
ChIJRwYQ1llSUkYRMKaZjz2gpdg,ChIJOW51C1lSUkYRRv6n34W9-Zg,4.878354860010644e-06
ChIJRwYQ1llSUkYRMKaZjz2gpdg,ChIJj5kfbFlSUkYRcDRZTsny7_c,5.6646813500226484e-06
ChIJRwYQ1llSUkYRMKaZjz2gpdg,ChIJpyBCaFlSUkYR3LHwM6zxRjU,5.8331689200225915e-06
ChIJRwYQ1llSUkYRMKaZjz2gpdg,ChIJL3cdF1dSUkYRrSCPkRNdtPE,inf
ChIJRwYQ1llSUkYRMKaZjz2gpdg,ChIJgXdTbFdSUkYR33h2wlG_Zwk,inf
ChIJRwYQ1llSUkYRMKaZjz2gpdg,ChIJ64wzbldSUkYR5FeQ9EKDTkU,inf
ChIJRwYQ1llSUkYRMKaZjz2gpdg,ChIJ7feGfFdSUkYRmmsyva5Yh7g,inf
ChIJRwYQ1llSUkYRMKaZjz2gpdg,ChIJRwYQ1llSUkYRMKaZjz2gpdg,0
ChIJRwYQ1llSUkYRMKaZjz2gpdg,ChIJmQYH01lSUkYRA5sfbpFn4ag,3.8970529999129474e-07
ChIJRwYQ1llSUkYRMKaZjz2gpdg,ChIJaU2CalhSUkYR16Poj9gzgIw,5.1282217300090795e-06
ChIJRwYQ1llSUkYRMKaZjz2gpdg,ChIJt2H3cFhSUkYRAkkFfX87Bq8,7.2011847800036245e-06
ChIJRwYQ1llSUkYRMKaZjz2gpdg,ChIJRZDreVhSUkYRo3ujslhgkNQ,inf
ChIJRwYQ1llSUkYRMKaZjz2gpdg,ChIJuRTCa1hSUkYRZctNq7Wpmys,inf
ChIJRwYQ1llSUkYRMKaZjz2gpdg,ChIJCy4tOFhSUkYR0RImuvsSO1g,inf
ChIJRwYQ1llSUkYRMKaZjz2gpdg,ChIJtYl80VlSUkYRHsPJ77_LXm8,inf
ChIJRwYQ1llSUkYRMKaZjz2gpdg,ChIJwTS011lSUkYROOaIBw6_t6k,inf
ChIJRwYQ1llSUkYRMKaZjz2gpdg,ChIJ7-bcfFdSUkYRAi_D5VAiANk,inf
ChIJRwYQ1llSUkYRMKaZjz2gpdg,ChIJb-LjZFdSUkYR0IQcqxmpIDY,inf
ChIJRwYQ1llSUkYRMKaZjz2gpdg,ChIJBWUZb1dSUkYR0KDo40YbcFQ,inf
ChIJmQYH01lSUkYRA5sfbpFn4ag,ChIJDfnLZ1lSUkYRchF_if80LfE,inf
ChIJmQYH01lSUkYRA5sfbpFn4ag,ChIJsRh_oFlSUkYRkBBHQUeoKcI,inf
ChIJmQYH01lSUkYRA5sfbpFn4ag,ChIJ9cuitllSUkYRd6ZoiDSinIM,inf
ChIJmQYH01lSUkYRA5sfbpFn4ag,ChIJk2Y2M1hSUkYR8cXNNRfosIY,inf
ChIJmQYH01lSUkYRA5sfbpFn4ag,ChIJCy4tOFhSUkYRBiS5iJUrGnY,3.7784457000175495e-06
ChIJmQYH01lSUkYRA5sfbpFn4ag,ChIJj1RhMlhSUkYRxwx00g4P0QE,1.8871172999889153e-07
ChIJmQYH01lSUkYRA5sfbpFn4ag,ChIJuYkcKlhSUkYRFPCipW5rTvU,3.547057299999166e-07
ChIJmQYH01lSUkYRA5sfbpFn4ag,ChIJP6TdhFdSUkYRdrsWKXZMAs8,9.114748699958624e-07
ChIJmQYH01lSUkYRA5sfbpFn4ag,ChIJf9Y9sFdSUkYRmaDEJhCweGc,3.0611583600058023e-06
ChIJmQYH01lSUkYRA5sfbpFn4ag,ChIJozaGTFZSUkYRNtWl2AGUPkI,3.7361463700121443e-06
ChIJmQYH01lSUkYRA5sfbpFn4ag,ChIJozaGTFZSUkYRjY7TpiWcsro,inf
ChIJmQYH01lSUkYRA5sfbpFn4ag,ChIJr8hSvVdSUkYR9El_JWHKncY,inf
ChIJmQYH01lSUkYRA5sfbpFn4ag,ChIJuYkcKlhSUkYRkyJyE8H3_fI,inf
ChIJmQYH01lSUkYRA5sfbpFn4ag,ChIJV02yLVhSUkYR5Urrpdyav5w,inf
ChIJmQYH01lSUkYRA5sfbpFn4ag,ChIJI3hCtFlSUkYRPnfwEKyXdTk,1.9253530400115355e-06
ChIJmQYH01lSUkYRA5sfbpFn4ag,ChIJOW51C1lSUkYRRv6n34W9-Zg,4.4886495600193495e-06
ChIJmQYH01lSUkYRA5sfbpFn4ag,ChIJj5kfbFlSUkYRcDRZTsny7_c,5.274976050031354e-06
ChIJmQYH01lSUkYRA5sfbpFn4ag,ChIJpyBCaFlSUkYR3LHwM6zxRjU,5.443463620031297e-06
ChIJmQYH01lSUkYRA5sfbpFn4ag,ChIJL3cdF1dSUkYRrSCPkRNdtPE,inf
ChIJmQYH01lSUkYRA5sfbpFn4ag,ChIJgXdTbFdSUkYR33h2wlG_Zwk,inf
ChIJmQYH01lSUkYRA5sfbpFn4ag,ChIJ64wzbldSUkYR5FeQ9EKDTkU,inf
ChIJmQYH01lSUkYRA5sfbpFn4ag,ChIJ7feGfFdSUkYRmmsyva5Yh7g,inf
ChIJmQYH01lSUkYRA5sfbpFn4ag,ChIJRwYQ1llSUkYRMKaZjz2gpdg,inf
ChIJmQYH01lSUkYRA5sfbpFn4ag,ChIJmQYH01lSUkYRA5sfbpFn4ag,0
ChIJmQYH01lSUkYRA5sfbpFn4ag,ChIJaU2CalhSUkYR16Poj9gzgIw,4.7385164300177844e-06
ChIJmQYH01lSUkYRA5sfbpFn4ag,ChIJt2H3cFhSUkYRAkkFfX87Bq8,6.8114794800123294e-06
ChIJmQYH01lSUkYRA5sfbpFn4ag,ChIJRZDreVhSUkYRo3ujslhgkNQ,inf
ChIJmQYH01lSUkYRA5sfbpFn4ag,ChIJuRTCa1hSUkYRZctNq7Wpmys,inf
ChIJmQYH01lSUkYRA5sfbpFn4ag,ChIJCy4tOFhSUkYR0RImuvsSO1g,inf
ChIJmQYH01lSUkYRA5sfbpFn4ag,ChIJtYl80VlSUkYRHsPJ77_LXm8,inf
ChIJmQYH01lSUkYRA5sfbpFn4ag,ChIJwTS011lSUkYROOaIBw6_t6k,inf
ChIJmQYH01lSUkYRA5sfbpFn4ag,ChIJ7-bcfFdSUkYRAi_D5VAiANk,inf
ChIJmQYH01lSUkYRA5sfbpFn4ag,ChIJb-LjZFdSUkYR0IQcqxmpIDY,inf
ChIJmQYH01lSUkYRA5sfbpFn4ag,ChIJBWUZb1dSUkYR0KDo40YbcFQ,inf
ChIJaU2CalhSUkYR16Poj9gzgIw,ChIJDfnLZ1lSUkYRchF_if80LfE,inf
ChIJaU2CalhSUkYR16Poj9gzgIw,ChIJsRh_oFlSUkYRkBBHQUeoKcI,inf
ChIJaU2CalhSUkYR16Poj9gzgIw,ChIJ9cuitllSUkYRd6ZoiDSinIM,inf
ChIJaU2CalhSUkYR16Poj9gzgIw,ChIJk2Y2M1hSUkYR8cXNNRfosIY,inf
ChIJaU2CalhSUkYR16Poj9gzgIw,ChIJCy4tOFhSUkYRBiS5iJUrGnY,inf
ChIJaU2CalhSUkYR16Poj9gzgIw,ChIJj1RhMlhSUkYRxwx00g4P0QE,inf
ChIJaU2CalhSUkYR16Poj9gzgIw,ChIJuYkcKlhSUkYRFPCipW5rTvU,inf
ChIJaU2CalhSUkYR16Poj9gzgIw,ChIJP6TdhFdSUkYRdrsWKXZMAs8,inf
ChIJaU2CalhSUkYR16Poj9gzgIw,ChIJf9Y9sFdSUkYRmaDEJhCweGc,inf
ChIJaU2CalhSUkYR16Poj9gzgIw,ChIJozaGTFZSUkYRNtWl2AGUPkI,inf
ChIJaU2CalhSUkYR16Poj9gzgIw,ChIJozaGTFZSUkYRjY7TpiWcsro,inf
ChIJaU2CalhSUkYR16Poj9gzgIw,ChIJr8hSvVdSUkYR9El_JWHKncY,inf
ChIJaU2CalhSUkYR16Poj9gzgIw,ChIJuYkcKlhSUkYRkyJyE8H3_fI,inf
ChIJaU2CalhSUkYR16Poj9gzgIw,ChIJV02yLVhSUkYR5Urrpdyav5w,inf
ChIJaU2CalhSUkYR16Poj9gzgIw,ChIJI3hCtFlSUkYRPnfwEKyXdTk,inf
ChIJaU2CalhSUkYR16Poj9gzgIw,ChIJOW51C1lSUkYRRv6n34W9-Zg,inf
ChIJaU2CalhSUkYR16Poj9gzgIw,ChIJj5kfbFlSUkYRcDRZTsny7_c,inf
ChIJaU2CalhSUkYR16Poj9gzgIw,ChIJpyBCaFlSUkYR3LHwM6zxRjU,inf
ChIJaU2CalhSUkYR16Poj9gzgIw,ChIJL3cdF1dSUkYRrSCPkRNdtPE,inf
ChIJaU2CalhSUkYR16Poj9gzgIw,ChIJgXdTbFdSUkYR33h2wlG_Zwk,inf
ChIJaU2CalhSUkYR16Poj9gzgIw,ChIJ64wzbldSUkYR5FeQ9EKDTkU,inf
ChIJaU2CalhSUkYR16Poj9gzgIw,ChIJ7feGfFdSUkYRmmsyva5Yh7g,inf
ChIJaU2CalhSUkYR16Poj9gzgIw,ChIJRwYQ1llSUkYRMKaZjz2gpdg,inf
ChIJaU2CalhSUkYR16Poj9gzgIw,ChIJmQYH01lSUkYRA5sfbpFn4ag,inf
ChIJaU2CalhSUkYR16Poj9gzgIw,ChIJaU2CalhSUkYR16Poj9gzgIw,0
ChIJaU2CalhSUkYR16Poj9gzgIw,ChIJt2H3cFhSUkYRAkkFfX87Bq8,2.0729630499945446e-06
ChIJaU2CalhSUkYR16Poj9gzgIw,ChIJRZDreVhSUkYRo3ujslhgkNQ,inf
ChIJaU2CalhSUkYR16Poj9gzgIw,ChIJuRTCa1hSUkYRZctNq7Wpmys,inf
ChIJaU2CalhSUkYR16Poj9gzgIw,ChIJCy4tOFhSUkYR0RImuvsSO1g,inf
ChIJaU2CalhSUkYR16Poj9gzgIw,ChIJtYl80VlSUkYRHsPJ77_LXm8,inf
ChIJaU2CalhSUkYR16Poj9gzgIw,ChIJwTS011lSUkYROOaIBw6_t6k,inf
ChIJaU2CalhSUkYR16Poj9gzgIw,ChIJ7-bcfFdSUkYRAi_D5VAiANk,inf
ChIJaU2CalhSUkYR16Poj9gzgIw,ChIJb-LjZFdSUkYR0IQcqxmpIDY,inf
ChIJaU2CalhSUkYR16Poj9gzgIw,ChIJBWUZb1dSUkYR0KDo40YbcFQ,inf
ChIJt2H3cFhSUkYRAkkFfX87Bq8,ChIJDfnLZ1lSUkYRchF_if80LfE,inf
ChIJt2H3cFhSUkYRAkkFfX87Bq8,ChIJsRh_oFlSUkYRkBBHQUeoKcI,inf
ChIJt2H3cFhSUkYRAkkFfX87Bq8,ChIJ9cuitllSUkYRd6ZoiDSinIM,inf
ChIJt2H3cFhSUkYRAkkFfX87Bq8,ChIJk2Y2M1hSUkYR8cXNNRfosIY,inf
ChIJt2H3cFhSUkYRAkkFfX87Bq8,ChIJCy4tOFhSUkYRBiS5iJUrGnY,inf
ChIJt2H3cFhSUkYRAkkFfX87Bq8,ChIJj1RhMlhSUkYRxwx00g4P0QE,inf
ChIJt2H3cFhSUkYRAkkFfX87Bq8,ChIJuYkcKlhSUkYRFPCipW5rTvU,inf
ChIJt2H3cFhSUkYRAkkFfX87Bq8,ChIJP6TdhFdSUkYRdrsWKXZMAs8,inf
ChIJt2H3cFhSUkYRAkkFfX87Bq8,ChIJf9Y9sFdSUkYRmaDEJhCweGc,inf
ChIJt2H3cFhSUkYRAkkFfX87Bq8,ChIJozaGTFZSUkYRNtWl2AGUPkI,inf
ChIJt2H3cFhSUkYRAkkFfX87Bq8,ChIJozaGTFZSUkYRjY7TpiWcsro,inf
ChIJt2H3cFhSUkYRAkkFfX87Bq8,ChIJr8hSvVdSUkYR9El_JWHKncY,inf
ChIJt2H3cFhSUkYRAkkFfX87Bq8,ChIJuYkcKlhSUkYRkyJyE8H3_fI,inf
ChIJt2H3cFhSUkYRAkkFfX87Bq8,ChIJV02yLVhSUkYR5Urrpdyav5w,inf
ChIJt2H3cFhSUkYRAkkFfX87Bq8,ChIJI3hCtFlSUkYRPnfwEKyXdTk,inf
ChIJt2H3cFhSUkYRAkkFfX87Bq8,ChIJOW51C1lSUkYRRv6n34W9-Zg,inf
ChIJt2H3cFhSUkYRAkkFfX87Bq8,ChIJj5kfbFlSUkYRcDRZTsny7_c,inf
ChIJt2H3cFhSUkYRAkkFfX87Bq8,ChIJpyBCaFlSUkYR3LHwM6zxRjU,inf
ChIJt2H3cFhSUkYRAkkFfX87Bq8,ChIJL3cdF1dSUkYRrSCPkRNdtPE,inf
ChIJt2H3cFhSUkYRAkkFfX87Bq8,ChIJgXdTbFdSUkYR33h2wlG_Zwk,inf
ChIJt2H3cFhSUkYRAkkFfX87Bq8,ChIJ64wzbldSUkYR5FeQ9EKDTkU,inf
ChIJt2H3cFhSUkYRAkkFfX87Bq8,ChIJ7feGfFdSUkYRmmsyva5Yh7g,inf
ChIJt2H3cFhSUkYRAkkFfX87Bq8,ChIJRwYQ1llSUkYRMKaZjz2gpdg,inf
ChIJt2H3cFhSUkYRAkkFfX87Bq8,ChIJmQYH01lSUkYRA5sfbpFn4ag,inf
ChIJt2H3cFhSUkYRAkkFfX87Bq8,ChIJaU2CalhSUkYR16Poj9gzgIw,inf
ChIJt2H3cFhSUkYRAkkFfX87Bq8,ChIJt2H3cFhSUkYRAkkFfX87Bq8,0
ChIJt2H3cFhSUkYRAkkFfX87Bq8,ChIJRZDreVhSUkYRo3ujslhgkNQ,inf
ChIJt2H3cFhSUkYRAkkFfX87Bq8,ChIJuRTCa1hSUkYRZctNq7Wpmys,inf
ChIJt2H3cFhSUkYRAkkFfX87Bq8,ChIJCy4tOFhSUkYR0RImuvsSO1g,inf
ChIJt2H3cFhSUkYRAkkFfX87Bq8,ChIJtYl80VlSUkYRHsPJ77_LXm8,inf
ChIJt2H3cFhSUkYRAkkFfX87Bq8,ChIJwTS011lSUkYROOaIBw6_t6k,inf
ChIJt2H3cFhSUkYRAkkFfX87Bq8,ChIJ7-bcfFdSUkYRAi_D5VAiANk,inf
ChIJt2H3cFhSUkYRAkkFfX87Bq8,ChIJb-LjZFdSUkYR0IQcqxmpIDY,inf
ChIJt2H3cFhSUkYRAkkFfX87Bq8,ChIJBWUZb1dSUkYR0KDo40YbcFQ,inf
ChIJRZDreVhSUkYRo3ujslhgkNQ,ChIJDfnLZ1lSUkYRchF_if80LfE,inf
ChIJRZDreVhSUkYRo3ujslhgkNQ,ChIJsRh_oFlSUkYRkBBHQUeoKcI,inf
ChIJRZDreVhSUkYRo3ujslhgkNQ,ChIJ9cuitllSUkYRd6ZoiDSinIM,inf
ChIJRZDreVhSUkYRo3ujslhgkNQ,ChIJk2Y2M1hSUkYR8cXNNRfosIY,6.64545467999637e-06
ChIJRZDreVhSUkYRo3ujslhgkNQ,ChIJCy4tOFhSUkYRBiS5iJUrGnY,inf
ChIJRZDreVhSUkYRo3ujslhgkNQ,ChIJj1RhMlhSUkYRxwx00g4P0QE,6.562809160000988e-06
ChIJRZDreVhSUkYRo3ujslhgkNQ,ChIJuYkcKlhSUkYRFPCipW5rTvU,6.728803160002013e-06
ChIJRZDreVhSUkYRo3ujslhgkNQ,ChIJP6TdhFdSUkYRdrsWKXZMAs8,7.285572299997959e-06
ChIJRZDreVhSUkYRo3ujslhgkNQ,ChIJf9Y9sFdSUkYRmaDEJhCweGc,9.435255790007899e-06
ChIJRZDreVhSUkYRo3ujslhgkNQ,ChIJozaGTFZSUkYRNtWl2AGUPkI,1.0110243800014241e-05
ChIJRZDreVhSUkYRo3ujslhgkNQ,ChIJozaGTFZSUkYRjY7TpiWcsro,inf
ChIJRZDreVhSUkYRo3ujslhgkNQ,ChIJr8hSvVdSUkYR9El_JWHKncY,inf
ChIJRZDreVhSUkYRo3ujslhgkNQ,ChIJuYkcKlhSUkYRkyJyE8H3_fI,inf
ChIJRZDreVhSUkYRo3ujslhgkNQ,ChIJV02yLVhSUkYR5Urrpdyav5w,inf
ChIJRZDreVhSUkYRo3ujslhgkNQ,ChIJI3hCtFlSUkYRPnfwEKyXdTk,9.09451774998554e-06
ChIJRZDreVhSUkYRo3ujslhgkNQ,ChIJOW51C1lSUkYRRv6n34W9-Zg,1.1657814269993355e-05
ChIJRZDreVhSUkYRo3ujslhgkNQ,ChIJj5kfbFlSUkYRcDRZTsny7_c,1.244414076000536e-05
ChIJRZDreVhSUkYRo3ujslhgkNQ,ChIJpyBCaFlSUkYR3LHwM6zxRjU,1.2612628330005302e-05
ChIJRZDreVhSUkYRo3ujslhgkNQ,ChIJL3cdF1dSUkYRrSCPkRNdtPE,inf
ChIJRZDreVhSUkYRo3ujslhgkNQ,ChIJgXdTbFdSUkYR33h2wlG_Zwk,inf
ChIJRZDreVhSUkYRo3ujslhgkNQ,ChIJ64wzbldSUkYR5FeQ9EKDTkU,inf
ChIJRZDreVhSUkYRo3ujslhgkNQ,ChIJ7feGfFdSUkYRmmsyva5Yh7g,inf
ChIJRZDreVhSUkYRo3ujslhgkNQ,ChIJRwYQ1llSUkYRMKaZjz2gpdg,inf
ChIJRZDreVhSUkYRo3ujslhgkNQ,ChIJmQYH01lSUkYRA5sfbpFn4ag,inf
ChIJRZDreVhSUkYRo3ujslhgkNQ,ChIJaU2CalhSUkYR16Poj9gzgIw,inf
ChIJRZDreVhSUkYRo3ujslhgkNQ,ChIJt2H3cFhSUkYRAkkFfX87Bq8,inf
ChIJRZDreVhSUkYRo3ujslhgkNQ,ChIJRZDreVhSUkYRo3ujslhgkNQ,0
ChIJRZDreVhSUkYRo3ujslhgkNQ,ChIJuRTCa1hSUkYRZctNq7Wpmys,2.0436039699945557e-06
ChIJRZDreVhSUkYRo3ujslhgkNQ,ChIJCy4tOFhSUkYR0RImuvsSO1g,4.032120469997336e-06
ChIJRZDreVhSUkYRo3ujslhgkNQ,ChIJtYl80VlSUkYRHsPJ77_LXm8,7.0839872600015935e-06
ChIJRZDreVhSUkYRo3ujslhgkNQ,ChIJwTS011lSUkYROOaIBw6_t6k,7.307424140003148e-06
ChIJRZDreVhSUkYRo3ujslhgkNQ,ChIJ7-bcfFdSUkYRAi_D5VAiANk,7.512076399998888e-06
ChIJRZDreVhSUkYRo3ujslhgkNQ,ChIJb-LjZFdSUkYR0IQcqxmpIDY,7.673862250002952e-06
ChIJRZDreVhSUkYRo3ujslhgkNQ,ChIJBWUZb1dSUkYR0KDo40YbcFQ,7.887254749999957e-06
ChIJuRTCa1hSUkYRZctNq7Wpmys,ChIJDfnLZ1lSUkYRchF_if80LfE,inf
ChIJuRTCa1hSUkYRZctNq7Wpmys,ChIJsRh_oFlSUkYRkBBHQUeoKcI,inf
ChIJuRTCa1hSUkYRZctNq7Wpmys,ChIJ9cuitllSUkYRd6ZoiDSinIM,inf
ChIJuRTCa1hSUkYRZctNq7Wpmys,ChIJk2Y2M1hSUkYR8cXNNRfosIY,4.601850710001814e-06
ChIJuRTCa1hSUkYRZctNq7Wpmys,ChIJCy4tOFhSUkYRBiS5iJUrGnY,inf
ChIJuRTCa1hSUkYRZctNq7Wpmys,ChIJj1RhMlhSUkYRxwx00g4P0QE,4.519205190006432e-06
ChIJuRTCa1hSUkYRZctNq7Wpmys,ChIJuYkcKlhSUkYRFPCipW5rTvU,4.685199190007457e-06
ChIJuRTCa1hSUkYRZctNq7Wpmys,ChIJP6TdhFdSUkYRdrsWKXZMAs8,5.241968330003403e-06
ChIJuRTCa1hSUkYRZctNq7Wpmys,ChIJf9Y9sFdSUkYRmaDEJhCweGc,7.3916518200133425e-06
ChIJuRTCa1hSUkYRZctNq7Wpmys,ChIJozaGTFZSUkYRNtWl2AGUPkI,8.066639830019684e-06
ChIJuRTCa1hSUkYRZctNq7Wpmys,ChIJozaGTFZSUkYRjY7TpiWcsro,inf
ChIJuRTCa1hSUkYRZctNq7Wpmys,ChIJr8hSvVdSUkYR9El_JWHKncY,inf
ChIJuRTCa1hSUkYRZctNq7Wpmys,ChIJuYkcKlhSUkYRkyJyE8H3_fI,inf
ChIJuRTCa1hSUkYRZctNq7Wpmys,ChIJV02yLVhSUkYR5Urrpdyav5w,inf
ChIJuRTCa1hSUkYRZctNq7Wpmys,ChIJI3hCtFlSUkYRPnfwEKyXdTk,7.050913779990985e-06
ChIJuRTCa1hSUkYRZctNq7Wpmys,ChIJOW51C1lSUkYRRv6n34W9-Zg,9.6142102999988e-06
ChIJuRTCa1hSUkYRZctNq7Wpmys,ChIJj5kfbFlSUkYRcDRZTsny7_c,1.0400536790010804e-05
ChIJuRTCa1hSUkYRZctNq7Wpmys,ChIJpyBCaFlSUkYR3LHwM6zxRjU,1.0569024360010747e-05
ChIJuRTCa1hSUkYRZctNq7Wpmys,ChIJL3cdF1dSUkYRrSCPkRNdtPE,inf
ChIJuRTCa1hSUkYRZctNq7Wpmys,ChIJgXdTbFdSUkYR33h2wlG_Zwk,inf
ChIJuRTCa1hSUkYRZctNq7Wpmys,ChIJ64wzbldSUkYR5FeQ9EKDTkU,inf
ChIJuRTCa1hSUkYRZctNq7Wpmys,ChIJ7feGfFdSUkYRmmsyva5Yh7g,inf
ChIJuRTCa1hSUkYRZctNq7Wpmys,ChIJRwYQ1llSUkYRMKaZjz2gpdg,inf
ChIJuRTCa1hSUkYRZctNq7Wpmys,ChIJmQYH01lSUkYRA5sfbpFn4ag,inf
ChIJuRTCa1hSUkYRZctNq7Wpmys,ChIJaU2CalhSUkYR16Poj9gzgIw,inf
ChIJuRTCa1hSUkYRZctNq7Wpmys,ChIJt2H3cFhSUkYRAkkFfX87Bq8,inf
ChIJuRTCa1hSUkYRZctNq7Wpmys,ChIJRZDreVhSUkYRo3ujslhgkNQ,inf
ChIJuRTCa1hSUkYRZctNq7Wpmys,ChIJuRTCa1hSUkYRZctNq7Wpmys,0
ChIJuRTCa1hSUkYRZctNq7Wpmys,ChIJCy4tOFhSUkYR0RImuvsSO1g,1.98851650000278e-06
ChIJuRTCa1hSUkYRZctNq7Wpmys,ChIJtYl80VlSUkYRHsPJ77_LXm8,5.040383290007038e-06
ChIJuRTCa1hSUkYRZctNq7Wpmys,ChIJwTS011lSUkYROOaIBw6_t6k,5.263820170008593e-06
ChIJuRTCa1hSUkYRZctNq7Wpmys,ChIJ7-bcfFdSUkYRAi_D5VAiANk,5.468472430004333e-06
ChIJuRTCa1hSUkYRZctNq7Wpmys,ChIJb-LjZFdSUkYR0IQcqxmpIDY,5.630258280008397e-06
ChIJuRTCa1hSUkYRZctNq7Wpmys,ChIJBWUZb1dSUkYR0KDo40YbcFQ,5.843650780005401e-06
ChIJCy4tOFhSUkYR0RImuvsSO1g,ChIJDfnLZ1lSUkYRchF_if80LfE,inf
ChIJCy4tOFhSUkYR0RImuvsSO1g,ChIJsRh_oFlSUkYRkBBHQUeoKcI,inf
ChIJCy4tOFhSUkYR0RImuvsSO1g,ChIJ9cuitllSUkYRd6ZoiDSinIM,inf
ChIJCy4tOFhSUkYR0RImuvsSO1g,ChIJk2Y2M1hSUkYR8cXNNRfosIY,2.6133342099990338e-06
ChIJCy4tOFhSUkYR0RImuvsSO1g,ChIJCy4tOFhSUkYRBiS5iJUrGnY,inf
ChIJCy4tOFhSUkYR0RImuvsSO1g,ChIJj1RhMlhSUkYRxwx00g4P0QE,2.530688690003652e-06
ChIJCy4tOFhSUkYR0RImuvsSO1g,ChIJuYkcKlhSUkYRFPCipW5rTvU,2.696682690004677e-06
ChIJCy4tOFhSUkYR0RImuvsSO1g,ChIJP6TdhFdSUkYRdrsWKXZMAs8,3.253451830000623e-06
ChIJCy4tOFhSUkYR0RImuvsSO1g,ChIJf9Y9sFdSUkYRmaDEJhCweGc,5.403135320010563e-06
ChIJCy4tOFhSUkYR0RImuvsSO1g,ChIJozaGTFZSUkYRNtWl2AGUPkI,6.078123330016904e-06
ChIJCy4tOFhSUkYR0RImuvsSO1g,ChIJozaGTFZSUkYRjY7TpiWcsro,inf
ChIJCy4tOFhSUkYR0RImuvsSO1g,ChIJr8hSvVdSUkYR9El_JWHKncY,inf
ChIJCy4tOFhSUkYR0RImuvsSO1g,ChIJuYkcKlhSUkYRkyJyE8H3_fI,inf
ChIJCy4tOFhSUkYR0RImuvsSO1g,ChIJV02yLVhSUkYR5Urrpdyav5w,inf
ChIJCy4tOFhSUkYR0RImuvsSO1g,ChIJI3hCtFlSUkYRPnfwEKyXdTk,inf
ChIJCy4tOFhSUkYR0RImuvsSO1g,ChIJOW51C1lSUkYRRv6n34W9-Zg,inf
ChIJCy4tOFhSUkYR0RImuvsSO1g,ChIJj5kfbFlSUkYRcDRZTsny7_c,inf
ChIJCy4tOFhSUkYR0RImuvsSO1g,ChIJpyBCaFlSUkYR3LHwM6zxRjU,inf
ChIJCy4tOFhSUkYR0RImuvsSO1g,ChIJL3cdF1dSUkYRrSCPkRNdtPE,inf
ChIJCy4tOFhSUkYR0RImuvsSO1g,ChIJgXdTbFdSUkYR33h2wlG_Zwk,inf
ChIJCy4tOFhSUkYR0RImuvsSO1g,ChIJ64wzbldSUkYR5FeQ9EKDTkU,inf
ChIJCy4tOFhSUkYR0RImuvsSO1g,ChIJ7feGfFdSUkYRmmsyva5Yh7g,inf
ChIJCy4tOFhSUkYR0RImuvsSO1g,ChIJRwYQ1llSUkYRMKaZjz2gpdg,inf
ChIJCy4tOFhSUkYR0RImuvsSO1g,ChIJmQYH01lSUkYRA5sfbpFn4ag,inf
ChIJCy4tOFhSUkYR0RImuvsSO1g,ChIJaU2CalhSUkYR16Poj9gzgIw,inf
ChIJCy4tOFhSUkYR0RImuvsSO1g,ChIJt2H3cFhSUkYRAkkFfX87Bq8,inf
ChIJCy4tOFhSUkYR0RImuvsSO1g,ChIJRZDreVhSUkYRo3ujslhgkNQ,inf
ChIJCy4tOFhSUkYR0RImuvsSO1g,ChIJuRTCa1hSUkYRZctNq7Wpmys,inf
ChIJCy4tOFhSUkYR0RImuvsSO1g,ChIJCy4tOFhSUkYR0RImuvsSO1g,0
ChIJCy4tOFhSUkYR0RImuvsSO1g,ChIJtYl80VlSUkYRHsPJ77_LXm8,3.0518667900042576e-06
ChIJCy4tOFhSUkYR0RImuvsSO1g,ChIJwTS011lSUkYROOaIBw6_t6k,3.275303670005812e-06
ChIJCy4tOFhSUkYR0RImuvsSO1g,ChIJ7-bcfFdSUkYRAi_D5VAiANk,3.4799559300015523e-06
ChIJCy4tOFhSUkYR0RImuvsSO1g,ChIJb-LjZFdSUkYR0IQcqxmpIDY,3.641741780005616e-06
ChIJCy4tOFhSUkYR0RImuvsSO1g,ChIJBWUZb1dSUkYR0KDo40YbcFQ,3.85513428000262e-06
ChIJtYl80VlSUkYRHsPJ77_LXm8,ChIJDfnLZ1lSUkYRchF_if80LfE,inf
ChIJtYl80VlSUkYRHsPJ77_LXm8,ChIJsRh_oFlSUkYRkBBHQUeoKcI,inf
ChIJtYl80VlSUkYRHsPJ77_LXm8,ChIJ9cuitllSUkYRd6ZoiDSinIM,inf
ChIJtYl80VlSUkYRHsPJ77_LXm8,ChIJk2Y2M1hSUkYR8cXNNRfosIY,inf
ChIJtYl80VlSUkYRHsPJ77_LXm8,ChIJCy4tOFhSUkYRBiS5iJUrGnY,inf
ChIJtYl80VlSUkYRHsPJ77_LXm8,ChIJj1RhMlhSUkYRxwx00g4P0QE,inf
ChIJtYl80VlSUkYRHsPJ77_LXm8,ChIJuYkcKlhSUkYRFPCipW5rTvU,inf
ChIJtYl80VlSUkYRHsPJ77_LXm8,ChIJP6TdhFdSUkYRdrsWKXZMAs8,inf
ChIJtYl80VlSUkYRHsPJ77_LXm8,ChIJf9Y9sFdSUkYRmaDEJhCweGc,inf
ChIJtYl80VlSUkYRHsPJ77_LXm8,ChIJozaGTFZSUkYRNtWl2AGUPkI,inf
ChIJtYl80VlSUkYRHsPJ77_LXm8,ChIJozaGTFZSUkYRjY7TpiWcsro,inf
ChIJtYl80VlSUkYRHsPJ77_LXm8,ChIJr8hSvVdSUkYR9El_JWHKncY,inf
ChIJtYl80VlSUkYRHsPJ77_LXm8,ChIJuYkcKlhSUkYRkyJyE8H3_fI,inf
ChIJtYl80VlSUkYRHsPJ77_LXm8,ChIJV02yLVhSUkYR5Urrpdyav5w,inf
ChIJtYl80VlSUkYRHsPJ77_LXm8,ChIJI3hCtFlSUkYRPnfwEKyXdTk,inf
ChIJtYl80VlSUkYRHsPJ77_LXm8,ChIJOW51C1lSUkYRRv6n34W9-Zg,inf
ChIJtYl80VlSUkYRHsPJ77_LXm8,ChIJj5kfbFlSUkYRcDRZTsny7_c,inf
ChIJtYl80VlSUkYRHsPJ77_LXm8,ChIJpyBCaFlSUkYR3LHwM6zxRjU,inf
ChIJtYl80VlSUkYRHsPJ77_LXm8,ChIJL3cdF1dSUkYRrSCPkRNdtPE,inf
ChIJtYl80VlSUkYRHsPJ77_LXm8,ChIJgXdTbFdSUkYR33h2wlG_Zwk,inf
ChIJtYl80VlSUkYRHsPJ77_LXm8,ChIJ64wzbldSUkYR5FeQ9EKDTkU,inf
ChIJtYl80VlSUkYRHsPJ77_LXm8,ChIJ7feGfFdSUkYRmmsyva5Yh7g,inf
ChIJtYl80VlSUkYRHsPJ77_LXm8,ChIJRwYQ1llSUkYRMKaZjz2gpdg,inf
ChIJtYl80VlSUkYRHsPJ77_LXm8,ChIJmQYH01lSUkYRA5sfbpFn4ag,inf
ChIJtYl80VlSUkYRHsPJ77_LXm8,ChIJaU2CalhSUkYR16Poj9gzgIw,inf
ChIJtYl80VlSUkYRHsPJ77_LXm8,ChIJt2H3cFhSUkYRAkkFfX87Bq8,inf
ChIJtYl80VlSUkYRHsPJ77_LXm8,ChIJRZDreVhSUkYRo3ujslhgkNQ,inf
ChIJtYl80VlSUkYRHsPJ77_LXm8,ChIJuRTCa1hSUkYRZctNq7Wpmys,inf
ChIJtYl80VlSUkYRHsPJ77_LXm8,ChIJCy4tOFhSUkYR0RImuvsSO1g,inf
ChIJtYl80VlSUkYRHsPJ77_LXm8,ChIJtYl80VlSUkYRHsPJ77_LXm8,0
ChIJtYl80VlSUkYRHsPJ77_LXm8,ChIJwTS011lSUkYROOaIBw6_t6k,2.234368800015544e-07
ChIJtYl80VlSUkYRHsPJ77_LXm8,ChIJ7-bcfFdSUkYRAi_D5VAiANk,4.2808913999729454e-07
ChIJtYl80VlSUkYRHsPJ77_LXm8,ChIJb-LjZFdSUkYR0IQcqxmpIDY,5.898749900013582e-07
ChIJtYl80VlSUkYRHsPJ77_LXm8,ChIJBWUZb1dSUkYR0KDo40YbcFQ,8.032674899983621e-07
ChIJwTS011lSUkYROOaIBw6_t6k,ChIJDfnLZ1lSUkYRchF_if80LfE,inf
ChIJwTS011lSUkYROOaIBw6_t6k,ChIJsRh_oFlSUkYRkBBHQUeoKcI,inf
ChIJwTS011lSUkYROOaIBw6_t6k,ChIJ9cuitllSUkYRd6ZoiDSinIM,inf
ChIJwTS011lSUkYROOaIBw6_t6k,ChIJk2Y2M1hSUkYR8cXNNRfosIY,inf
ChIJwTS011lSUkYROOaIBw6_t6k,ChIJCy4tOFhSUkYRBiS5iJUrGnY,inf
ChIJwTS011lSUkYROOaIBw6_t6k,ChIJj1RhMlhSUkYRxwx00g4P0QE,inf
ChIJwTS011lSUkYROOaIBw6_t6k,ChIJuYkcKlhSUkYRFPCipW5rTvU,inf
ChIJwTS011lSUkYROOaIBw6_t6k,ChIJP6TdhFdSUkYRdrsWKXZMAs8,inf
ChIJwTS011lSUkYROOaIBw6_t6k,ChIJf9Y9sFdSUkYRmaDEJhCweGc,inf
ChIJwTS011lSUkYROOaIBw6_t6k,ChIJozaGTFZSUkYRNtWl2AGUPkI,inf
ChIJwTS011lSUkYROOaIBw6_t6k,ChIJozaGTFZSUkYRjY7TpiWcsro,inf
ChIJwTS011lSUkYROOaIBw6_t6k,ChIJr8hSvVdSUkYR9El_JWHKncY,inf
ChIJwTS011lSUkYROOaIBw6_t6k,ChIJuYkcKlhSUkYRkyJyE8H3_fI,inf
ChIJwTS011lSUkYROOaIBw6_t6k,ChIJV02yLVhSUkYR5Urrpdyav5w,inf
ChIJwTS011lSUkYROOaIBw6_t6k,ChIJI3hCtFlSUkYRPnfwEKyXdTk,inf
ChIJwTS011lSUkYROOaIBw6_t6k,ChIJOW51C1lSUkYRRv6n34W9-Zg,inf
ChIJwTS011lSUkYROOaIBw6_t6k,ChIJj5kfbFlSUkYRcDRZTsny7_c,inf
ChIJwTS011lSUkYROOaIBw6_t6k,ChIJpyBCaFlSUkYR3LHwM6zxRjU,inf
ChIJwTS011lSUkYROOaIBw6_t6k,ChIJL3cdF1dSUkYRrSCPkRNdtPE,inf
ChIJwTS011lSUkYROOaIBw6_t6k,ChIJgXdTbFdSUkYR33h2wlG_Zwk,inf
ChIJwTS011lSUkYROOaIBw6_t6k,ChIJ64wzbldSUkYR5FeQ9EKDTkU,inf
ChIJwTS011lSUkYROOaIBw6_t6k,ChIJ7feGfFdSUkYRmmsyva5Yh7g,inf
ChIJwTS011lSUkYROOaIBw6_t6k,ChIJRwYQ1llSUkYRMKaZjz2gpdg,inf
ChIJwTS011lSUkYROOaIBw6_t6k,ChIJmQYH01lSUkYRA5sfbpFn4ag,inf
ChIJwTS011lSUkYROOaIBw6_t6k,ChIJaU2CalhSUkYR16Poj9gzgIw,inf
ChIJwTS011lSUkYROOaIBw6_t6k,ChIJt2H3cFhSUkYRAkkFfX87Bq8,inf
ChIJwTS011lSUkYROOaIBw6_t6k,ChIJRZDreVhSUkYRo3ujslhgkNQ,inf
ChIJwTS011lSUkYROOaIBw6_t6k,ChIJuRTCa1hSUkYRZctNq7Wpmys,inf
ChIJwTS011lSUkYROOaIBw6_t6k,ChIJCy4tOFhSUkYR0RImuvsSO1g,inf
ChIJwTS011lSUkYROOaIBw6_t6k,ChIJtYl80VlSUkYRHsPJ77_LXm8,inf
ChIJwTS011lSUkYROOaIBw6_t6k,ChIJwTS011lSUkYROOaIBw6_t6k,0
ChIJwTS011lSUkYROOaIBw6_t6k,ChIJ7-bcfFdSUkYRAi_D5VAiANk,2.0465225999574018e-07
ChIJwTS011lSUkYROOaIBw6_t6k,ChIJb-LjZFdSUkYR0IQcqxmpIDY,3.664381099998039e-07
ChIJwTS011lSUkYROOaIBw6_t6k,ChIJBWUZb1dSUkYR0KDo40YbcFQ,5.798306099968078e-07
ChIJ7-bcfFdSUkYRAi_D5VAiANk,ChIJDfnLZ1lSUkYRchF_if80LfE,inf
ChIJ7-bcfFdSUkYRAi_D5VAiANk,ChIJsRh_oFlSUkYRkBBHQUeoKcI,inf
ChIJ7-bcfFdSUkYRAi_D5VAiANk,ChIJ9cuitllSUkYRd6ZoiDSinIM,inf
ChIJ7-bcfFdSUkYRAi_D5VAiANk,ChIJk2Y2M1hSUkYR8cXNNRfosIY,inf
ChIJ7-bcfFdSUkYRAi_D5VAiANk,ChIJCy4tOFhSUkYRBiS5iJUrGnY,inf
ChIJ7-bcfFdSUkYRAi_D5VAiANk,ChIJj1RhMlhSUkYRxwx00g4P0QE,inf
ChIJ7-bcfFdSUkYRAi_D5VAiANk,ChIJuYkcKlhSUkYRFPCipW5rTvU,inf
ChIJ7-bcfFdSUkYRAi_D5VAiANk,ChIJP6TdhFdSUkYRdrsWKXZMAs8,inf
ChIJ7-bcfFdSUkYRAi_D5VAiANk,ChIJf9Y9sFdSUkYRmaDEJhCweGc,inf
ChIJ7-bcfFdSUkYRAi_D5VAiANk,ChIJozaGTFZSUkYRNtWl2AGUPkI,inf
ChIJ7-bcfFdSUkYRAi_D5VAiANk,ChIJozaGTFZSUkYRjY7TpiWcsro,inf
ChIJ7-bcfFdSUkYRAi_D5VAiANk,ChIJr8hSvVdSUkYR9El_JWHKncY,inf
ChIJ7-bcfFdSUkYRAi_D5VAiANk,ChIJuYkcKlhSUkYRkyJyE8H3_fI,inf
ChIJ7-bcfFdSUkYRAi_D5VAiANk,ChIJV02yLVhSUkYR5Urrpdyav5w,inf
ChIJ7-bcfFdSUkYRAi_D5VAiANk,ChIJI3hCtFlSUkYRPnfwEKyXdTk,inf
ChIJ7-bcfFdSUkYRAi_D5VAiANk,ChIJOW51C1lSUkYRRv6n34W9-Zg,inf
ChIJ7-bcfFdSUkYRAi_D5VAiANk,ChIJj5kfbFlSUkYRcDRZTsny7_c,inf
ChIJ7-bcfFdSUkYRAi_D5VAiANk,ChIJpyBCaFlSUkYR3LHwM6zxRjU,inf
ChIJ7-bcfFdSUkYRAi_D5VAiANk,ChIJL3cdF1dSUkYRrSCPkRNdtPE,inf
ChIJ7-bcfFdSUkYRAi_D5VAiANk,ChIJgXdTbFdSUkYR33h2wlG_Zwk,inf
ChIJ7-bcfFdSUkYRAi_D5VAiANk,ChIJ64wzbldSUkYR5FeQ9EKDTkU,inf
ChIJ7-bcfFdSUkYRAi_D5VAiANk,ChIJ7feGfFdSUkYRmmsyva5Yh7g,inf
ChIJ7-bcfFdSUkYRAi_D5VAiANk,ChIJRwYQ1llSUkYRMKaZjz2gpdg,inf
ChIJ7-bcfFdSUkYRAi_D5VAiANk,ChIJmQYH01lSUkYRA5sfbpFn4ag,inf
ChIJ7-bcfFdSUkYRAi_D5VAiANk,ChIJaU2CalhSUkYR16Poj9gzgIw,inf
ChIJ7-bcfFdSUkYRAi_D5VAiANk,ChIJt2H3cFhSUkYRAkkFfX87Bq8,inf
ChIJ7-bcfFdSUkYRAi_D5VAiANk,ChIJRZDreVhSUkYRo3ujslhgkNQ,inf
ChIJ7-bcfFdSUkYRAi_D5VAiANk,ChIJuRTCa1hSUkYRZctNq7Wpmys,inf
ChIJ7-bcfFdSUkYRAi_D5VAiANk,ChIJCy4tOFhSUkYR0RImuvsSO1g,inf
ChIJ7-bcfFdSUkYRAi_D5VAiANk,ChIJtYl80VlSUkYRHsPJ77_LXm8,inf
ChIJ7-bcfFdSUkYRAi_D5VAiANk,ChIJwTS011lSUkYROOaIBw6_t6k,inf
ChIJ7-bcfFdSUkYRAi_D5VAiANk,ChIJ7-bcfFdSUkYRAi_D5VAiANk,0
ChIJ7-bcfFdSUkYRAi_D5VAiANk,ChIJb-LjZFdSUkYR0IQcqxmpIDY,1.617858500040637e-07
ChIJ7-bcfFdSUkYRAi_D5VAiANk,ChIJBWUZb1dSUkYR0KDo40YbcFQ,3.7517835000106763e-07
ChIJb-LjZFdSUkYR0IQcqxmpIDY,ChIJDfnLZ1lSUkYRchF_if80LfE,inf
ChIJb-LjZFdSUkYR0IQcqxmpIDY,ChIJsRh_oFlSUkYRkBBHQUeoKcI,inf
ChIJb-LjZFdSUkYR0IQcqxmpIDY,ChIJ9cuitllSUkYRd6ZoiDSinIM,inf
ChIJb-LjZFdSUkYR0IQcqxmpIDY,ChIJk2Y2M1hSUkYR8cXNNRfosIY,inf
ChIJb-LjZFdSUkYR0IQcqxmpIDY,ChIJCy4tOFhSUkYRBiS5iJUrGnY,inf
ChIJb-LjZFdSUkYR0IQcqxmpIDY,ChIJj1RhMlhSUkYRxwx00g4P0QE,inf
ChIJb-LjZFdSUkYR0IQcqxmpIDY,ChIJuYkcKlhSUkYRFPCipW5rTvU,inf
ChIJb-LjZFdSUkYR0IQcqxmpIDY,ChIJP6TdhFdSUkYRdrsWKXZMAs8,inf
ChIJb-LjZFdSUkYR0IQcqxmpIDY,ChIJf9Y9sFdSUkYRmaDEJhCweGc,inf
ChIJb-LjZFdSUkYR0IQcqxmpIDY,ChIJozaGTFZSUkYRNtWl2AGUPkI,inf
ChIJb-LjZFdSUkYR0IQcqxmpIDY,ChIJozaGTFZSUkYRjY7TpiWcsro,inf
ChIJb-LjZFdSUkYR0IQcqxmpIDY,ChIJr8hSvVdSUkYR9El_JWHKncY,inf
ChIJb-LjZFdSUkYR0IQcqxmpIDY,ChIJuYkcKlhSUkYRkyJyE8H3_fI,inf
ChIJb-LjZFdSUkYR0IQcqxmpIDY,ChIJV02yLVhSUkYR5Urrpdyav5w,inf
ChIJb-LjZFdSUkYR0IQcqxmpIDY,ChIJI3hCtFlSUkYRPnfwEKyXdTk,inf
ChIJb-LjZFdSUkYR0IQcqxmpIDY,ChIJOW51C1lSUkYRRv6n34W9-Zg,inf
ChIJb-LjZFdSUkYR0IQcqxmpIDY,ChIJj5kfbFlSUkYRcDRZTsny7_c,inf
ChIJb-LjZFdSUkYR0IQcqxmpIDY,ChIJpyBCaFlSUkYR3LHwM6zxRjU,inf
ChIJb-LjZFdSUkYR0IQcqxmpIDY,ChIJL3cdF1dSUkYRrSCPkRNdtPE,inf
ChIJb-LjZFdSUkYR0IQcqxmpIDY,ChIJgXdTbFdSUkYR33h2wlG_Zwk,inf
ChIJb-LjZFdSUkYR0IQcqxmpIDY,ChIJ64wzbldSUkYR5FeQ9EKDTkU,inf
ChIJb-LjZFdSUkYR0IQcqxmpIDY,ChIJ7feGfFdSUkYRmmsyva5Yh7g,inf
ChIJb-LjZFdSUkYR0IQcqxmpIDY,ChIJRwYQ1llSUkYRMKaZjz2gpdg,inf
ChIJb-LjZFdSUkYR0IQcqxmpIDY,ChIJmQYH01lSUkYRA5sfbpFn4ag,inf
ChIJb-LjZFdSUkYR0IQcqxmpIDY,ChIJaU2CalhSUkYR16Poj9gzgIw,inf
ChIJb-LjZFdSUkYR0IQcqxmpIDY,ChIJt2H3cFhSUkYRAkkFfX87Bq8,inf
ChIJb-LjZFdSUkYR0IQcqxmpIDY,ChIJRZDreVhSUkYRo3ujslhgkNQ,inf
ChIJb-LjZFdSUkYR0IQcqxmpIDY,ChIJuRTCa1hSUkYRZctNq7Wpmys,inf
ChIJb-LjZFdSUkYR0IQcqxmpIDY,ChIJCy4tOFhSUkYR0RImuvsSO1g,inf
ChIJb-LjZFdSUkYR0IQcqxmpIDY,ChIJtYl80VlSUkYRHsPJ77_LXm8,inf
ChIJb-LjZFdSUkYR0IQcqxmpIDY,ChIJwTS011lSUkYROOaIBw6_t6k,inf
ChIJb-LjZFdSUkYR0IQcqxmpIDY,ChIJ7-bcfFdSUkYRAi_D5VAiANk,inf
ChIJb-LjZFdSUkYR0IQcqxmpIDY,ChIJb-LjZFdSUkYR0IQcqxmpIDY,0
ChIJb-LjZFdSUkYR0IQcqxmpIDY,ChIJBWUZb1dSUkYR0KDo40YbcFQ,2.1339249999700394e-07
ChIJBWUZb1dSUkYR0KDo40YbcFQ,ChIJDfnLZ1lSUkYRchF_if80LfE,inf
ChIJBWUZb1dSUkYR0KDo40YbcFQ,ChIJsRh_oFlSUkYRkBBHQUeoKcI,inf
ChIJBWUZb1dSUkYR0KDo40YbcFQ,ChIJ9cuitllSUkYRd6ZoiDSinIM,inf
ChIJBWUZb1dSUkYR0KDo40YbcFQ,ChIJk2Y2M1hSUkYR8cXNNRfosIY,inf
ChIJBWUZb1dSUkYR0KDo40YbcFQ,ChIJCy4tOFhSUkYRBiS5iJUrGnY,inf
ChIJBWUZb1dSUkYR0KDo40YbcFQ,ChIJj1RhMlhSUkYRxwx00g4P0QE,inf
ChIJBWUZb1dSUkYR0KDo40YbcFQ,ChIJuYkcKlhSUkYRFPCipW5rTvU,inf
ChIJBWUZb1dSUkYR0KDo40YbcFQ,ChIJP6TdhFdSUkYRdrsWKXZMAs8,inf
ChIJBWUZb1dSUkYR0KDo40YbcFQ,ChIJf9Y9sFdSUkYRmaDEJhCweGc,inf
ChIJBWUZb1dSUkYR0KDo40YbcFQ,ChIJozaGTFZSUkYRNtWl2AGUPkI,inf
ChIJBWUZb1dSUkYR0KDo40YbcFQ,ChIJozaGTFZSUkYRjY7TpiWcsro,inf
ChIJBWUZb1dSUkYR0KDo40YbcFQ,ChIJr8hSvVdSUkYR9El_JWHKncY,inf
ChIJBWUZb1dSUkYR0KDo40YbcFQ,ChIJuYkcKlhSUkYRkyJyE8H3_fI,inf
ChIJBWUZb1dSUkYR0KDo40YbcFQ,ChIJV02yLVhSUkYR5Urrpdyav5w,inf
ChIJBWUZb1dSUkYR0KDo40YbcFQ,ChIJI3hCtFlSUkYRPnfwEKyXdTk,inf
ChIJBWUZb1dSUkYR0KDo40YbcFQ,ChIJOW51C1lSUkYRRv6n34W9-Zg,inf
ChIJBWUZb1dSUkYR0KDo40YbcFQ,ChIJj5kfbFlSUkYRcDRZTsny7_c,inf
ChIJBWUZb1dSUkYR0KDo40YbcFQ,ChIJpyBCaFlSUkYR3LHwM6zxRjU,inf
ChIJBWUZb1dSUkYR0KDo40YbcFQ,ChIJL3cdF1dSUkYRrSCPkRNdtPE,inf
ChIJBWUZb1dSUkYR0KDo40YbcFQ,ChIJgXdTbFdSUkYR33h2wlG_Zwk,inf
ChIJBWUZb1dSUkYR0KDo40YbcFQ,ChIJ64wzbldSUkYR5FeQ9EKDTkU,inf
ChIJBWUZb1dSUkYR0KDo40YbcFQ,ChIJ7feGfFdSUkYRmmsyva5Yh7g,inf
ChIJBWUZb1dSUkYR0KDo40YbcFQ,ChIJRwYQ1llSUkYRMKaZjz2gpdg,inf
ChIJBWUZb1dSUkYR0KDo40YbcFQ,ChIJmQYH01lSUkYRA5sfbpFn4ag,inf
ChIJBWUZb1dSUkYR0KDo40YbcFQ,ChIJaU2CalhSUkYR16Poj9gzgIw,inf
ChIJBWUZb1dSUkYR0KDo40YbcFQ,ChIJt2H3cFhSUkYRAkkFfX87Bq8,inf
ChIJBWUZb1dSUkYR0KDo40YbcFQ,ChIJRZDreVhSUkYRo3ujslhgkNQ,inf
ChIJBWUZb1dSUkYR0KDo40YbcFQ,ChIJuRTCa1hSUkYRZctNq7Wpmys,inf
ChIJBWUZb1dSUkYR0KDo40YbcFQ,ChIJCy4tOFhSUkYR0RImuvsSO1g,inf
ChIJBWUZb1dSUkYR0KDo40YbcFQ,ChIJtYl80VlSUkYRHsPJ77_LXm8,inf
ChIJBWUZb1dSUkYR0KDo40YbcFQ,ChIJwTS011lSUkYROOaIBw6_t6k,inf
ChIJBWUZb1dSUkYR0KDo40YbcFQ,ChIJ7-bcfFdSUkYRAi_D5VAiANk,inf
ChIJBWUZb1dSUkYR0KDo40YbcFQ,ChIJb-LjZFdSUkYR0IQcqxmpIDY,inf
ChIJBWUZb1dSUkYR0KDo40YbcFQ,ChIJBWUZb1dSUkYR0KDo40YbcFQ,0
